app_name,score,review_text,label,clean_review,text_len
toss,1,업데이트안됨,2,업데이트안됨,6
kbbank,5,편리하게 이용하고 있어요~,0,편리하게 이용하고 있어요~,14
toss,1,모든 알림을 다 껐는데 예상 환급액 알림이 계속 표시됩니다.,2,모든 알림을 다 껐는데 예상 환급액 알림이 계속 표시됩니다.,33
kakaopay,3,"카카오페이 ISA 는 원하는 가격에 매도 매수 기능이 왜 없나요? 타 증권사들은 ISA 에도 당근 스탑로스 있죠 커뮤댓글 달리는 데 , 카카오페이 증권에는 있는데. 카카오페이 ISA 에는 왜 없죠? 고객센터도 카카오페이 증권만 된다고 확인. 빨리 만들어 주십쇼",2,"카카오페이 ISA 는 원하는 가격에 매도 매수 기능이 왜 없나요? 타 증권사들은 ISA 에도 당근 스탑로스 있죠 커뮤댓글 달리는 데 , 카카오페이 증권에는 있는데. 카카오페이 ISA 에는 왜 없죠? 고객센터도 카카오페이 증권만 된다고 확인. 빨리 만들어 주십쇼",145
kbbank,5,사용하기 간편하고 쉽게 알려줘서 좋아요🩷,0,사용하기 간편하고 쉽게 알려줘서 좋아요,21
kakaopay,1,개인정보는 팔아쳐먹고 주가관리안하냐,1,개인정보는 팔아쳐먹고 주가관리안하냐,19
kbbank,4,좋아요.,0,좋아요.,4
kbbank,4,진행에 따라 자세한 내용이 공지되어 이해하기 좋아요,0,진행에 따라 자세한 내용이 공지되어 이해하기 좋아요,28
toss,1,사람가지고노니까재밌냐?,2,사람가지고노니까재밌냐?,12
toss,5,해외주식 배당 빨리빨리좀 주셈 왜 점점 느려지는거예요???,1,해외주식 배당 빨리빨리좀 주셈 왜 점점 느려지는거예요??,31
kbbank,5,간편하고 사용하기가 너무 편하고 화면도 깔끔합니다.고객들에게 좀더 저렴한 금리로 대출 해주세요,0,간편하고 사용하기가 너무 편하고 화면도 깔끔합니다.고객들에게 좀더 저렴한 금리로 대출 해주세요,52
kakaopay,2,업데이트 되고 나서 실시간으로 얼마나 많은 양이 거래 되고 있는지 확인이 안되네요 시간 단위로 오늘 거래량 총 18만 115만 이런식으로만 표시해주니.. 되돌려 주세요,1,업데이트 되고 나서 실시간으로 얼마나 많은 양이 거래 되고 있는지 확인이 안되네요 시간 단위로 오늘 거래량 총 18만 115만 이런식으로만 표시해주니.. 되돌려 주세요,93
kakaopay,3,카카오페이 같은 서비스가 모바일 신분증 본인 인증 구현이 안돼있다는게 충격적이네요.. 정보 재확인 기간 지나서 새로 본인 정보 입력하는데 실물 신분증 없어서 송금하는데 애먹었네요..,2,카카오페이 같은 서비스가 모바일 신분증 본인 인증 구현이 안돼있다는게 충격적이네요.. 정보 재확인 기간 지나서 새로 본인 정보 입력하는데 실물 신분증 없어서 송금하는데 애먹었네요..,101
kakaopay,1,카카오는 왜 업데이트 할때마다 더 구려지냐? 불편해서 못쓰겠다. 원래대로 돌려놔라,2,카카오는 왜 업데이트 할때마다 더 구려지냐? 불편해서 못쓰겠다. 원래대로 돌려놔라,45
kbbank,2,신분증 사진 주민등록증 인식 안된다고 재촬영 76번 찍다 지쳐서 신한은랭으로 옮겼더,3,신분증 사진 주민등록증 인식 안된다고 재촬영 76번 찍다 지쳐서 신한은랭으로 옮겼더,46
kakaopay,1,만보이상 걷는데 측정된 걸음 수는 몇백보? 측정도 못하는 앱이네ㅡㅡ,2,만보이상 걷는데 측정된 걸음 수는 몇백보? 측정도 못하는 앱이네ㅡㅡ,37
toss,1,왜 스크롤 미션 리워드 은근슬쩍 줄여요?,2,왜 스크롤 미션 리워드 은근슬쩍 줄여요?,22
toss,1,일주일 방문미션 이따위로 관리할래? 도보거리 측정은 가게 이름이 안하고 그 도시에 모든지역업종 다나오게하고. 저장하는건 했는데도 불구 안됨 ㅡㅡ 오류범벅이다. 담당 잘라.,2,일주일 방문미션 이따위로 관리할래? 도보거리 측정은 가게 이름이 안하고 그 도시에 모든지역업종 다나오게하고. 저장하는건 했는데도 불구 안됨 ㅡㅡ 오류범벅이다. 담당 잘라.,95
kbbank,5,그냥 좋음. 사용하기 편함,0,그냥 좋음. 사용하기 편함,14
kbbank,5,good best,0,good best,9
kbbank,5,편리함,0,편리함,3
kakaopay,1,포인트 모으기가 안됨,1,포인트 모으기가 안됨,11
kakaopay,4,이제시작이라잘모름 발전이있겠지요ᆢ,1,이제시작이라잘모름 발전이있겠지요,17
kakaopay,1,자동펀드투자하려는데 간이투자설명서를 아무리 읽고 확인을 터치해도 체크가안되서 진행을 못하고 있어요 어떻게 해결하나요 다른것들도 잘됩니다,1,자동펀드투자하려는데 간이투자설명서를 아무리 읽고 확인을 터치해도 체크가안되서 진행을 못하고 있어요 어떻게 해결하나요 다른것들도 잘됩니다,75
kakaopay,1,카카오페이 주식 ㅡ실현손익ㅡ볼 때 원화금액만이 아닌 달러금액도 표시해주세요,2,카카오페이 주식 ㅡ실현손익ㅡ볼 때 원화금액만이 아닌 달러금액도 표시해주세요,41
kbbank,1,퇴직연금 알림이 오는데 12일 전꺼를.보내면 참고를 하라는건지?머하러 보낸거에요?알람 뜻을 모르나,2,퇴직연금 알림이 오는데 12일 전꺼를.보내면 참고를 하라는건지?머하러 보낸거에요?알람 뜻을 모르나,54
kakaopay,1,광고 엄청해대네 짜증나게 중국기업 테무한테도 돈 졸라쳐받았나보네,3,광고 엄청해대네 짜증나게 중국기업 테무한테도 돈 졸라쳐받았나보네,35
kbbank,5,편의하게 잘 사용하고있습니다,0,편의하게 잘 사용하고있습니다,15
kakaopay,1,아니 카카오페이로 주식하는데 갑자기 연결 오류 30분동안 계속 뜨는데 뭐임? 이러면 못쓰지; 제일 중요한 사간에 차트가 안보이는데;,2,아니 카카오페이로 주식하는데 갑자기 연결 오류 30분동안 계속 뜨는데 뭐임? 이러면 못쓰지 제일 중요한 사간에 차트가 안보이는데,71
kakaopay,1,이걸로 주식하는데 한번씩 연결 안됨 그리고 다시고침해도 똑같음 서비스가 뭐 이런지 서비스 개선좀해주세요,2,이걸로 주식하는데 한번씩 연결 안됨 그리고 다시고침해도 똑같음 서비스가 뭐 이런지 서비스 개선좀해주세요,57
kakaopay,1,야간에 알람좀 그만.보내요 잠을못자요,2,야간에 알람좀 그만.보내요 잠을못자요,20
kbbank,5,앱을 사용해보니 초보자도 쉽게 사용할 수 있게 잘 준비되었네요~~,0,앱을 사용해보니 초보자도 쉽게 사용할 수 있게 잘 준비되었네요~~,36
kakaopay,1,"폰트가 시스템폰트와 앱폰트와 통일성이 없어요. 불편합니다. 특히 증권은 심해요. 카카오페이, 증권 고객센터에 문의해도 형식적인 답변이에요.",2,"폰트가 시스템폰트와 앱폰트와 통일성이 없어요. 불편합니다. 특히 증권은 심해요. 카카오페이, 증권 고객센터에 문의해도 형식적인 답변이에요.",77
toss,5,편리하고 좋은데 우리학교 급식 알림이 9시 반에 떠서 불편해요. 그 시간에 학생들은 학교에 있어서 알림을 못보는데,1,편리하고 좋은데 우리학교 급식 알림이 9시 반에 떠서 불편해요. 그 시간에 학생들은 학교에 있어서 알림을 못보는데,63
kakaopay,1,증권창이 자꾸 연결 오류가 많습니다. 다른 증권사 처럼 계선이 안되나요?,2,증권창이 자꾸 연결 오류가 많습니다. 다른 증권사 처럼 계선이 안되나요?,40
toss,1,운세 이용하게 하는 게 싫어요.,2,운세 이용하게 하는 게 싫어요.,17
toss,1,이벤트 때문에 처음 깔아보게 됐는데 이벤트사기를 당하고 덕분에 리뷰 1점을 남길수 있게 되었어요 오히려 좋아,2,이벤트 때문에 처음 깔아보게 됐는데 이벤트사기를 당하고 덕분에 리뷰 1점을 남길수 있게 되었어요 오히려 좋아,60
kbbank,5,주요은행 앱 중 최고!,0,주요은행 앱 중 최고!,12
kakaopay,1,결제를 들어가게 되면 본인카드 화면 창을 먼저 뜨게하는게 맞는거 아닌가요? 카드결제 할려면 두번더 찿아들어가야하는데 페이머니와 카드 결제 를 설정에서 선택할수있게 해주시면 감사하겠습니다.,1,결제를 들어가게 되면 본인카드 화면 창을 먼저 뜨게하는게 맞는거 아닌가요? 카드결제 할려면 두번더 찿아들어가야하는데 페이머니와 카드 결제 를 설정에서 선택할수있게 해주시면 감사하겠습니다.,104
toss,5,너무재밌어요 ㅋㅋㅋㅋㅋㅋㅋㅋㅋㅋㅋㅋㅋ,0,너무재밌어요 ㅋㅋㅋㅋㅋㅋㅋㅋㅋㅋㅋㅋㅋ,20
kbbank,5,좋습니다 수고하세요,0,좋습니다 수고하세요,10
kbbank,1,데이커가 꼬였는지 로그인 3회 오류나서 암호 재설정해도 3회미만이라고 못바꾸고 상담하면 지점에 가야한다는데 왜 이따구로 만들죠?,3,데이커가 꼬였는지 로그인 3회 오류나서 암호 재설정해도 3회미만이라고 못바꾸고 상담하면 지점에 가야한다는데 왜 이따구로 만들죠?,71
kbbank,5,아주 좋아요,0,아주 좋아요,6
toss,1,광고가10분이상은뭔가요광고를본다고 다하진 않을껀데 광고엄청길어요드라마박스 광고를 너무많이보게된게 안타깝네요 앱테크하는데 끝나지않는광고를봐야한다니ㅠㅠ,2,광고가10분이상은뭔가요광고를본다고 다하진 않을껀데 광고엄청길어요드라마박스 광고를 너무많이보게된게 안타깝네요 앱테크하는데 끝나지않는광고를봐야한다니ㅠㅠ,82
toss,1,온갖다크패턴다쓰면서 오류는개간략하게알려주넌,2,온갖다크패턴다쓰면서 오류는개간략하게알려주넌,23
toss,1,"카카오, 네이버에 이어 내수 등골 빼먹는 최악 버러지 앱. 허구한 날 이벤트로 쿠폰 뿌리는 척 하고 실상은 얼굴 등록비임. 내 얼굴은 어디다 팔아 먹으려고 페이스페이 그렇게 등록하라고 어그로 쳐 끄는지. 토스인컴, 삼쩜삼 앱 카피, 뭐 있는 앱 기능들 파쿠리 쳐서 어떻게든 정보 샅샅이 캐내려고 별 발광을 다 떠냐? 역겹다 진짜 걍 주 은행 뱅킹 등등 어디서나 요즘 수수료는 다 무료인데 선심쓰는거마냥 송금할때마다 뜨고, 광고는 얼마나 많은지 차단해도 결국 앱 내 자체 광고로 아득바득 ㅋㅋ 주 뱅킹 쓰고 말지 편리함 앞세우고 어떻게든 나이 어린 애들이나 순진한 사람들 꼬셔먹으려고 하네 ㅋㅋ 특히 주식 옵션 광고 하는거 보고 경악을 금치 못했다 이딴 앱 걍 포인트 쌀먹도 애드가드 켜서 날먹했는데 걍 자체 광고 올려서 아득바득 광고비 받아먹어? 절대 안쓰지 ㅋㅋ",3,"카카오, 네이버에 이어 내수 등골 빼먹는 최악 버러지 앱. 허구한 날 이벤트로 쿠폰 뿌리는 척 하고 실상은 얼굴 등록비임. 내 얼굴은 어디다 팔아 먹으려고 페이스페이 그렇게 등록하라고 어그로 쳐 끄는지. 토스인컴, 삼쩜삼 앱 카피, 뭐 있는 앱 기능들 파쿠리 쳐서 어떻게든 정보 샅샅이 캐내려고 별 발광을 다 떠냐? 역겹다 진짜 걍 주 은행 뱅킹 등등 어디서나 요즘 수수료는 다 무료인데 선심쓰는거마냥 송금할때마다 뜨고, 광고는 얼마나 많은지 차단해도 결국 앱 내 자체 광고로 아득바득 ㅋㅋ 주 뱅킹 쓰고 말지 편리함 앞세우고 어떻게든 나이 어린 애들이나 순진한 사람들 꼬셔먹으려고 하네 ㅋㅋ 특히 주식 옵션 광고 하는거 보고 경악을 금치 못했다 이딴 앱 걍 포인트 쌀먹도 애드가드 켜서 날먹했는데 걍 자체 광고 올려서 아득바득 광고비 받아먹어? 절대 안쓰지 ㅋㅋ",427
kakaopay,4,꾸준히 잘 쓰고 있습니다! 폰만 들고 나가도 되니까 넘 편함! (개인정보 유출 이슈로 별 하나는 뺍니다) 장례식장 부조금 보낼 때 쓸 수 있는 덜 귀여운 카드도 만들어 주셨으면 좋겠네요,0,꾸준히 잘 쓰고 있습니다! 폰만 들고 나가도 되니까 넘 편함! 개인정보 유출 이슈로 별 하나는 뺍니다 장례식장 부조금 보낼 때 쓸 수 있는 덜 귀여운 카드도 만들어 주셨으면 좋겠네요,101
kakaopay,1,갑자기 로그아웃되더니 다시 인증하라고 함. 인증하려고 하는데 아직 있지도 않은 신분증 달래. 어쩌라는거임?,1,갑자기 로그아웃되더니 다시 인증하라고 함. 인증하려고 하는데 아직 있지도 않은 신분증 달래. 어쩌라는거임?,59
kakaopay,1,빨리 정보유출된거 책임져라,1,빨리 정보유출된거 책임져라,14
toss,1,토스 일주일방문미션중에서 Alipay+ 리워즈 누르고 방문해서 상품보고 하는 미션을 했는데 계속 더보라고 합니다. 30분넘게 상품누르고 스크롤하면서 보았는데 계속 더보라는 메시지뜨네요.도대체 얼마나 많이봐야하는건가요?뭐 1시간넘게 보아야하나요?휴대폰재부팅하고서 다시 해도 똑같고 혹시 우리집 와이파이가 이상하나해서 데이터로해도 안되고 집앞 카페가서 해도 안되고 도대체 뭐가문제일까요?빠른 조치바랍니다.,2,토스 일주일방문미션중에서 Alipay 리워즈 누르고 방문해서 상품보고 하는 미션을 했는데 계속 더보라고 합니다. 30분넘게 상품누르고 스크롤하면서 보았는데 계속 더보라는 메시지뜨네요.도대체 얼마나 많이봐야하는건가요?뭐 1시간넘게 보아야하나요?휴대폰재부팅하고서 다시 해도 똑같고 혹시 우리집 와이파이가 이상하나해서 데이터로해도 안되고 집앞 카페가서 해도 안되고 도대체 뭐가문제일까요?빠른 조치바랍니다.,223
kakaopay,1,주식 화면 개선이 맞음? 개불편해졌네 진짜 딴데 쓰던지 해야지 뭔 편했던 기능은 다빠지고 ㅋㅋㅋㅋㅋㅋㅋ 이거 누가 바꾼건지 그 사람 덕분에 카카오페이 증권 많이 떠나겄네,3,주식 화면 개선이 맞음? 개불편해졌네 진짜 딴데 쓰던지 해야지 뭔 편했던 기능은 다빠지고 ㅋㅋㅋㅋㅋㅋㅋ 이거 누가 바꾼건지 그 사람 덕분에 카카오페이 증권 많이 떠나겄네,94
toss,2,이거 만보기 원래 기기 기존 센서로만되나요? 외부기기로 카운트되는건 안되네요...,1,이거 만보기 원래 기기 기존 센서로만되나요? 외부기기로 카운트되는건 안되네요..,44
kakaopay,1,카카오페이로 세븐일레븐 결제하면 엘포인트 동시 적립되는데 두번 누락된거 문의했더니 세븐일레븐쪽이랑 확인해보고 연락준다해놓고 잠수타버림 몇주지나 한번더물어봤더니 세븐일레븐 연락두절탓하면서 연락되면 알려주겠다해놓고선 아직까지 연락두절. 하다못해 내가 직접 세븐일레븐측과 연락했는데 세븐일레븐측에서는 카카오페이연동 내용을 모르고 계속 엘포인트어플로 적립하라 동문서답함 제휴서비스를 일방적으로체결하는건지뭔지 두 회사끼리 쿵짝 개안맞아 결국환장하는건 고객쪽이고요 만보기도 타어플들은 비슷한 수치인데 이것만 차이가심하게 남. 아예 만보기가 작동 안된적도 많고 이런적이 한두번이 아님 그래서 만보 넘게 걸었는데도 포인트날린적개많음 광고도 준비중이라고 뜰때가너무많음 걍 포인트 조금이라도 덜받게하려고 겉으로는 포인트 푸는척하면서 ㅋㅋㄱ걍 개사기꾼어플 ㅉ,2,카카오페이로 세븐일레븐 결제하면 엘포인트 동시 적립되는데 두번 누락된거 문의했더니 세븐일레븐쪽이랑 확인해보고 연락준다해놓고 잠수타버림 몇주지나 한번더물어봤더니 세븐일레븐 연락두절탓하면서 연락되면 알려주겠다해놓고선 아직까지 연락두절. 하다못해 내가 직접 세븐일레븐측과 연락했는데 세븐일레븐측에서는 카카오페이연동 내용을 모르고 계속 엘포인트어플로 적립하라 동문서답함 제휴서비스를 일방적으로체결하는건지뭔지 두 회사끼리 쿵짝 개안맞아 결국환장하는건 고객쪽이고요 만보기도 타어플들은 비슷한 수치인데 이것만 차이가심하게 남. 아예 만보기가 작동 안된적도 많고 이런적이 한두번이 아님 그래서 만보 넘게 걸었는데도 포인트날린적개많음 광고도 준비중이라고 뜰때가너무많음 걍 포인트 조금이라도 덜받게하려고 겉으로는 포인트 푸는척하면서 ㅋㅋㄱ걍 개사기꾼어플 ㅉ,413
toss,3,내자산분석이 근 1년넘게 갱신이 안되는건가 싶네요. 저번달 대비 얼마 늘었는지를 알수가없어요.,2,내자산분석이 근 1년넘게 갱신이 안되는건가 싶네요. 저번달 대비 얼마 늘었는지를 알수가없어요.,52
kbbank,5,간편해요.,0,간편해요.,5
toss,5,가좌,0,가좌,2
toss,1,혜택쪽에 광고시간 5초에서 10초로 은근슬쩍 늘리네요 이러면 더 안하게 됩니다,3,혜택쪽에 광고시간 5초에서 10초로 은근슬쩍 늘리네요 이러면 더 안하게 됩니다,43
kbbank,5,kb스타뱅킹앱이야 말로 우리가 재산을 믿고 맡길수 있는 가장 보안이 잘된 정확한 앱이라고 생각합니다 !,0,kb스타뱅킹앱이야 말로 우리가 재산을 믿고 맡길수 있는 가장 보안이 잘된 정확한 앱이라고 생각합니다 !,57
toss,1,어른이날 ??? 당첨?? 넌 삭제,3,어른이날 ?? 당첨?? 넌 삭제,17
kakaopay,4,"nfc 결제 진행 하자 좀 / 카카오맵 처럼 뻘짓해서 광탈이나 망해가지 마세요 // 외산폰 가능 선불 1차 후 후불 전환, 단 k패스 혜택x",2,"nfc 결제 진행 하자 좀 카카오맵 처럼 뻘짓해서 광탈이나 망해가지 마세요 외산폰 가능 선불 1차 후 후불 전환, 단 k패스 혜택x",73
kakaopay,3,좋아여,0,좋아여,3
kbbank,4,어플 사용이 예전보다 간편해져서 너무 편리하고 좋습니다,0,어플 사용이 예전보다 간편해져서 너무 편리하고 좋습니다,30
kakaopay,1,카카오증권 개장시 오류 자주발생 주식앱이 오전개장에 오류를 자주 재발시키는것은 어느시절의 운영인가 싶다,2,카카오증권 개장시 오류 자주발생 주식앱이 오전개장에 오류를 자주 재발시키는것은 어느시절의 운영인가 싶다,57
kakaopay,1,"아...증권 ui대체 왜 이렇게 바꾼거죠? 버튼들을 상단으로 올려놔서 빠르게 대처하기도 힘들어졌어요. 더 웃긴건 예시로 아무 주식 들어가서 정보,차트, 호가, 보유 중 아무 버튼을 눌러 화면이 바뀌면, 버튼들의 위치가 한단계 더 위로 움직이면서 배치되는게 빠른 화면전환이 필요한 상황에서는 진짜 최악입니다. 버튼들이 도망가는 것 마냥.. 그리고 체결강도도 안보이게 돼서 흐름을 볼 수도 없게 되고... 유용하게 보던 정보인데말이죠. ux기획이 엉망인것 같아요. 기획한 분이 주식을 안해본 분이신가.. 제발 이전의 ui로 롤백 해줬음 하네요. 증권앱을 바꿔야하나.. 안그래도 자주 앱 먹통 되던걸로 제때 못팔아서 손해보고 그런거 대처도 제대로 안해주는거 열받는데",2,"아..증권 ui대체 왜 이렇게 바꾼거죠? 버튼들을 상단으로 올려놔서 빠르게 대처하기도 힘들어졌어요. 더 웃긴건 예시로 아무 주식 들어가서 정보,차트, 호가, 보유 중 아무 버튼을 눌러 화면이 바뀌면, 버튼들의 위치가 한단계 더 위로 움직이면서 배치되는게 빠른 화면전환이 필요한 상황에서는 진짜 최악입니다. 버튼들이 도망가는 것 마냥.. 그리고 체결강도도 안보이게 돼서 흐름을 볼 수도 없게 되고.. 유용하게 보던 정보인데말이죠. ux기획이 엉망인것 같아요. 기획한 분이 주식을 안해본 분이신가.. 제발 이전의 ui로 롤백 해줬음 하네요. 증권앱을 바꿔야하나.. 안그래도 자주 앱 먹통 되던걸로 제때 못팔아서 손해보고 그런거 대처도 제대로 안해주는거 열받는데",367
kakaopay,3,앱이 점점 무거워지는 듯해요. 간단 메뉴가 아니라 복잡메뉴인듯 하네요. 개별 주식 정보란(차트) 오른쪽 상단에 있던 숫자 거래량도 사라지고 아쉽네요. 거래할 때 참고하기 좋았는데~,2,앱이 점점 무거워지는 듯해요. 간단 메뉴가 아니라 복잡메뉴인듯 하네요. 개별 주식 정보란 차트 오른쪽 상단에 있던 숫자 거래량도 사라지고 아쉽네요. 거래할 때 참고하기 좋았는데~,99
toss,2,토스 오류가 많이 남... 그리고 고객센터도 매우 불편함,2,토스 오류가 많이 남.. 그리고 고객센터도 매우 불편함,30
kakaopay,1,광고들 보고 포인트 받는 건 당연할테고 광고를 3개를 한 번에 붙여서 1분 넘게 보는 것도 양아치 짓이지만 그렇다 치자. 근데 그 3개나 붙인 광고를 중간 중간 하나하나 다 닫기를 눌러야 하는 건 너무 양아치 아니냐?,3,광고들 보고 포인트 받는 건 당연할테고 광고를 3개를 한 번에 붙여서 1분 넘게 보는 것도 양아치 짓이지만 그렇다 치자. 근데 그 3개나 붙인 광고를 중간 중간 하나하나 다 닫기를 눌러야 하는 건 너무 양아치 아니냐?,121
kbbank,2,"안녕하세요 로그인횟수 제한이 있는 줄 몰라서 3회실패를 했더니 로그인제한이 걸리게 되었습니다. 비번찾기>로그인제한이 걸려서 안됨 / kB금융인증서>얼굴인식안됨 / 공동'금융인증서발급,타행인증서발급>로그인제한걸려서 안됨 / 고객센터메일>로그인을 못하면 메일을 못보냄 / 지점방문>영업시간이 근무시간이라서 방문을 못합니다. 혹시 다른 방법이 있을까요? 아무방법이 없다면 국민계좌의 모든금액을 다른 은행으로 옮기는 방법이라도 알려주세요 앞으로 이용하고싶지 않습니다 제발부탁드립니다",2,"안녕하세요 로그인횟수 제한이 있는 줄 몰라서 3회실패를 했더니 로그인제한이 걸리게 되었습니다. 비번찾기 로그인제한이 걸려서 안됨 kB금융인증서 얼굴인식안됨 공동 금융인증서발급,타행인증서발급 로그인제한걸려서 안됨 고객센터메일 로그인을 못하면 메일을 못보냄 지점방문 영업시간이 근무시간이라서 방문을 못합니다. 혹시 다른 방법이 있을까요? 아무방법이 없다면 국민계좌의 모든금액을 다른 은행으로 옮기는 방법이라도 알려주세요 앞으로 이용하고싶지 않습니다 제발부탁드립니다",257
kbbank,5,참좋아요.,0,참좋아요.,5
toss,1,만보기 복권긁기와 행운복권의 일부 광고가 활성화가 안되고 멈추는데 이유가 뭔가? 매번 토스를 나갔다가 들어오는 수고를 해야해서 귀찮다. 혹시나 업데이터를 안해서 그런가해서 스토어 가봐도 그건 아니다.,2,만보기 복권긁기와 행운복권의 일부 광고가 활성화가 안되고 멈추는데 이유가 뭔가? 매번 토스를 나갔다가 들어오는 수고를 해야해서 귀찮다. 혹시나 업데이터를 안해서 그런가해서 스토어 가봐도 그건 아니다.,111
kakaopay,2,업데이트하고 카카오증권 쓰기가 불편해요. 주식을 1주 구입하려고 입력하면 원래는 평단가가 떴는데 지금은 구매 후 예상이 퍼센트로만 떠요. 평단가도 중요한데 금액이 바로 안 보여서 구입할때 많이 불편합니다 토스로 옮기기전에 얼른 수정 부탁드려요,3,업데이트하고 카카오증권 쓰기가 불편해요. 주식을 1주 구입하려고 입력하면 원래는 평단가가 떴는데 지금은 구매 후 예상이 퍼센트로만 떠요. 평단가도 중요한데 금액이 바로 안 보여서 구입할때 많이 불편합니다 토스로 옮기기전에 얼른 수정 부탁드려요,135
kakaopay,5,재밌음,0,재밌음,3
kakaopay,3,카카오증권 왜 연결이 안되냐고요 이중요한 9시부터 아짜증나네 참나,2,카카오증권 왜 연결이 안되냐고요 이중요한 9시부터 아짜증나네 참나,36
kakaopay,1,버스충전이 안뜸..좀 고쳐봐요 나 충전해야하는데 진짜,2,버스충전이 안뜸..좀 고쳐봐요 나 충전해야하는데 진짜,29
toss,1,한도초과라서 결제는 안 됐는데 왜 포인트는 나가는거죠...?,1,한도초과라서 결제는 안 됐는데 왜 포인트는 나가는거죠..?,32
kakaopay,2,네이버페이쓰다 넘어왔는데 너무느림 3g쓰지만 차이가많이남 계산할때마다 당황스럽고 짜증남,2,네이버페이쓰다 넘어왔는데 너무느림 3g쓰지만 차이가많이남 계산할때마다 당황스럽고 짜증남,48
kbbank,5,사용하기 너무 편리하요,0,사용하기 너무 편리하요,12
toss,4,전에는 5천 포인트를 모으면 바로 뺄 수 있었는데 이제는 10% 떼서 주네요 갠적으로 많이 아쉬운 조치,1,전에는 5천 포인트를 모으면 바로 뺄 수 있었는데 이제는 10% 떼서 주네요 갠적으로 많이 아쉬운 조치,57
toss,5,너무좋은데 위젯 관심종목 보기에서.. 지수 코인 추가한거는 위젯에서 안보여요..,2,너무좋은데 위젯 관심종목 보기에서.. 지수 코인 추가한거는 위젯에서 안보여요..,44
kbbank,5,상품 가입이 간단하고 쉬워서 좋아요.,0,상품 가입이 간단하고 쉬워서 좋아요.,20
kbbank,5,갑자기 왜 입출금알람이 안뜨죠 일욜점검이라그렇다는데 상담원분은 아침10시넘어서도안되네요,2,갑자기 왜 입출금알람이 안뜨죠 일욜점검이라그렇다는데 상담원분은 아침10시넘어서도안되네요,48
toss,1,하나 뭐 나오면 지겹도록 봐야함 페이스 결제 가입하세요! 페이스 결제 가입하세요! 페이스 결제 가입하세요! 국세 환급금 신청하세요! 국세 환급금 신청하세요! 국세 환급금 신청하세요! 토스뱅크 개설시 5천원! 토스뱅크 개설시 5천원! 토스뱅크 개설시 5천원!,2,하나 뭐 나오면 지겹도록 봐야함 페이스 결제 가입하세요! 페이스 결제 가입하세요! 페이스 결제 가입하세요! 국세 환급금 신청하세요! 국세 환급금 신청하세요! 국세 환급금 신청하세요! 토스뱅크 개설시 5천원! 토스뱅크 개설시 5천원! 토스뱅크 개설시 5천원!,143
toss,1,만보기 설정 버튼이 상단바랑 겹쳐서 안눌리잖아요 만보기 끄지도 못하고ㅡㅡ,2,만보기 설정 버튼이 상단바랑 겹쳐서 안눌리잖아요 만보기 끄지도 못하고ㅡㅡ,40
kakaopay,1,광고로x계정해킹당함,1,광고로x계정해킹당함,10
kbbank,5,빠른처리 감사합니다,0,빠른처리 감사합니다,10
kakaopay,1,잘안됨 접속 자체가. 안됨,2,잘안됨 접속 자체가. 안됨,14
kbbank,1,별한개도 아깝습니다 인증할려고하면 나가지고 인증을 도대체 몇번 해야됩니까???인증만 1시간하고 나갑니다,3,별한개도 아깝습니다 인증할려고하면 나가지고 인증을 도대체 몇번 해야됩니까??인증만 1시간하고 나갑니다,56
kakaopay,1,아니.이래서 어떻게 발빠르게 주식하죠? 이렇게 버퍼링이 심하다니,2,아니.이래서 어떻게 발빠르게 주식하죠? 이렇게 버퍼링이 심하다니,35
kbbank,5,사용하기 편하고 좋아요,0,사용하기 편하고 좋아요,12
kakaopay,1,설치해서 인증도 끝났는데 통합계좌관리 설치 후 앱이 사라졌어요. 설정에서도 안나오고 스토어에서 검색하면 설치되었다고 나오는데 제거도 안돼요. 찾을 수도 없고 지울 수도 없고 이게 뭔 일이래요? 해결 방법을 알려주세요.,1,설치해서 인증도 끝났는데 통합계좌관리 설치 후 앱이 사라졌어요. 설정에서도 안나오고 스토어에서 검색하면 설치되었다고 나오는데 제거도 안돼요. 찾을 수도 없고 지울 수도 없고 이게 뭔 일이래요? 해결 방법을 알려주세요.,121
toss,5,쉽고ㅡ빠름 편하게 할수있음 좋아요 😀,0,쉽고ㅡ빠름 편하게 할수있음 좋아요,18
kakaopay,3,만보기 왜이래요 체크안되는데,1,만보기 왜이래요 체크안되는데,15
kakaopay,1,광고비는 받았을껀데 리워드는 없는 수준. 인터페이스도 그지 같음. 기껏 틀어놨더니 로딩하다가 실패해서 리워드도 못받는 경우 종종 있음. 이게 받는수준인건지 모를 수준으로 주면서 실패하고 광고만 보고 받지도 못함. 현타옴. 빡침. 이제 광고보기 안한다. 결제 리워드도 사라짐 타사 페이로 가야지.,3,광고비는 받았을껀데 리워드는 없는 수준. 인터페이스도 그지 같음. 기껏 틀어놨더니 로딩하다가 실패해서 리워드도 못받는 경우 종종 있음. 이게 받는수준인건지 모를 수준으로 주면서 실패하고 광고만 보고 받지도 못함. 현타옴. 빡침. 이제 광고보기 안한다. 결제 리워드도 사라짐 타사 페이로 가야지.,164
toss,1,야 너희들은 잘 하다가도 또 오류 뜨냐?오픈시간 퀴즈 중에 디귿업장 11시30분 오픈인데 왜 기입해도 틀려다고 나오냐?정신 안 차리냐?,2,야 너희들은 잘 하다가도 또 오류 뜨냐?오픈시간 퀴즈 중에 디귿업장 11시30분 오픈인데 왜 기입해도 틀려다고 나오냐?정신 안 차리냐?,75
kbbank,5,이용이 편리해요,0,이용이 편리해요,8
toss,2,페이스 안쓸껀데 왜계속 띄움? 정보수집함?,2,페이스 안쓸껀데 왜계속 띄움? 정보수집함?,23
kakaopay,1,이전버전으로 ui돌려요 주식 주문창에서 차트로 바로 이동이 안되서 불편해요,2,이전버전으로 ui돌려요 주식 주문창에서 차트로 바로 이동이 안되서 불편해요,41
kakaopay,1,짤짤이 앱테크 아니 무슨 3원 주는 ㅈ짤짤이에 광고를 3개나 붙임? 욕심이 그득그득 하구만?,2,짤짤이 앱테크 아니 무슨 3원 주는 ㅈ짤짤이에 광고를 3개나 붙임? 욕심이 그득그득 하구만?,51
kakaopay,1,아니.... 카카오증권 소수점구매 10분단위로 바꾼거 생각이 있으신거 맞아요??? 내가 구매한 시점 가격을 원해서 실시간으로 소수점구매를 하는건데 내가 원하지도 않는 가격에 10분뒤에 사지면 그 손해는 누가감당할건데요??? 소수점 구매하고 n주 사려고 구매수수료까지 계산해서 구매한건데 10분뒤에 오른가격에 구매되서 n-0.001됐잖아요 진짜 좋은말할때 복구시켜주세요 아니면 이게 어느부분에서 더 편리하고 안전한지 어느시점에 체결되는 금액인지 명시를 뚜렷하게 하던가요 증권홈에 다른거 광고는 그렇게 잘하면서 이런 공지를 대문짝만하게 해놨어야죠 그랬더라면 소수점 구매 시도도 안했을거아니에요 이미 발주되었다고 취소도 안되고 뭐 어쩌란건지,2,아니.. 카카오증권 소수점구매 10분단위로 바꾼거 생각이 있으신거 맞아요?? 내가 구매한 시점 가격을 원해서 실시간으로 소수점구매를 하는건데 내가 원하지도 않는 가격에 10분뒤에 사지면 그 손해는 누가감당할건데요?? 소수점 구매하고 n주 사려고 구매수수료까지 계산해서 구매한건데 10분뒤에 오른가격에 구매되서 n 0.001됐잖아요 진짜 좋은말할때 복구시켜주세요 아니면 이게 어느부분에서 더 편리하고 안전한지 어느시점에 체결되는 금액인지 명시를 뚜렷하게 하던가요 증권홈에 다른거 광고는 그렇게 잘하면서 이런 공지를 대문짝만하게 해놨어야죠 그랬더라면 소수점 구매 시도도 안했을거아니에요 이미 발주되었다고 취소도 안되고 뭐 어쩌란건지,351
kbbank,2,"로그인시 앱이 강제되는 경우 해결할 수 있는 방법이 어떤게 있습니까? 앱 재설치, 공인인증서 재발급, 폰 껐다 켜기, 와이파이가 아닌 데이터 이용하기 등 해보았으나 해결이 안됩니다.",1,"로그인시 앱이 강제되는 경우 해결할 수 있는 방법이 어떤게 있습니까? 앱 재설치, 공인인증서 재발급, 폰 껐다 켜기, 와이파이가 아닌 데이터 이용하기 등 해보았으나 해결이 안됩니다.",101
toss,1,하나페이 통해 제휴결제로 들어가야 되는 경우 몇번을 시도해도 토스페이로 연동되지않음. 거의 100프로 확률로 안된다고 보면되고 가끔 대낮에 점검하는데 흔치않은 일이라 오프라인에서 결제할 때 정말 당황했음.,2,하나페이 통해 제휴결제로 들어가야 되는 경우 몇번을 시도해도 토스페이로 연동되지않음. 거의 100프로 확률로 안된다고 보면되고 가끔 대낮에 점검하는데 흔치않은 일이라 오프라인에서 결제할 때 정말 당황했음.,114
toss,1,"여러분들의 댓글요정 혜해 입니다. 오래전 토스 간편결제에서 시작한 토스뱅크를 오랜만에 다시 가입하여 보니, 바로 뒤로가기를 연타할 만큼 사용후기는 매우 실망 스러웠읍니다. 너무 불필요한 광고 및 문어발식 메뉴들. 별점 1개. (왜 이리 복잡하게 된건지) 다시 사용하고 싶다는 생각을 말끔하게 접게 되었어요. 옛날 토스는 미니멀하고 간편하고 애플리케이션이 가벼웠는데. 이제는 초심을 잃어버린 돈에 눈이 멀어버린 마치 광고 대행사 같은 그런 기업 같아서 실망을 안고 떠나갑니다.",2,"여러분들의 댓글요정 혜해 입니다. 오래전 토스 간편결제에서 시작한 토스뱅크를 오랜만에 다시 가입하여 보니, 바로 뒤로가기를 연타할 만큼 사용후기는 매우 실망 스러웠읍니다. 너무 불필요한 광고 및 문어발식 메뉴들. 별점 1개. 왜 이리 복잡하게 된건지 다시 사용하고 싶다는 생각을 말끔하게 접게 되었어요. 옛날 토스는 미니멀하고 간편하고 애플리케이션이 가벼웠는데. 이제는 초심을 잃어버린 돈에 눈이 멀어버린 마치 광고 대행사 같은 그런 기업 같아서 실망을 안고 떠나갑니다.",263
kakaopay,2,안녕하세요. 어르신과 발달장애인분들도 카카오 페이를 쉽게 쓰도록 개선 부탁드려요. 귀여운 마스코트가 아주 쉽고 짧게 설명해주면 좋겠습니다. 특히 나쁜 사람이 절대 접근할 수 없도록 강력한 보안 기능을 꼭 갖춰주세요. 그리고 문의를 할 줄 모릅니다. 죄송합니다. 그리고 발전을 위해서 응원을 하겠습니다.,2,안녕하세요. 어르신과 발달장애인분들도 카카오 페이를 쉽게 쓰도록 개선 부탁드려요. 귀여운 마스코트가 아주 쉽고 짧게 설명해주면 좋겠습니다. 특히 나쁜 사람이 절대 접근할 수 없도록 강력한 보안 기능을 꼭 갖춰주세요. 그리고 문의를 할 줄 모릅니다. 죄송합니다. 그리고 발전을 위해서 응원을 하겠습니다.,168
kakaopay,1,아니 맨날 증권 연결상태 안좋은거 해결안하나?,2,아니 맨날 증권 연결상태 안좋은거 해결안하나?,25
toss,1,롤백회수는 ㅋㅋㅋ 한순간에 상승분 반납 하라고? 내 돈으로 돈 벌고 잡주 건들고 강 자려니깐 실수는 지들이하고 돈은 내가 갚으라는거 이건 진짜 운영 역겹다 자기내들 물린거만 쏙 빼가네,2,롤백회수는 ㅋㅋㅋ 한순간에 상승분 반납 하라고? 내 돈으로 돈 벌고 잡주 건들고 강 자려니깐 실수는 지들이하고 돈은 내가 갚으라는거 이건 진짜 운영 역겹다 자기내들 물린거만 쏙 빼가네,102
kakaopay,1,전국민 개인정보 중공에 넘긴 카카오페이 용서할 수 없는 나쁜회사. 마땅한 책임을져야!,2,전국민 개인정보 중공에 넘긴 카카오페이 용서할 수 없는 나쁜회사. 마땅한 책임을져야!,47
toss,3,쇼핑. 증권 탭에서 터치가 안됩니다. 캐시 지우기도 했으나 해결되지 않습니다.,1,쇼핑. 증권 탭에서 터치가 안됩니다. 캐시 지우기도 했으나 해결되지 않습니다.,43
kakaopay,1,무슨 중국회사인가?? 중국 광고가 왜이렇게 많이 나와?? 짜증나게..,2,무슨 중국회사인가?? 중국 광고가 왜이렇게 많이 나와?? 짜증나게..,38
kakaopay,4,카삼페 이벤트 한다길래 굳이굳이 썼는데 이게 방식이 혜택 응모하기를 누르고나서 결제를 해야만 된다네요? 저는 모르고 결제부터 했는데 카카오의 의도를 알아채지 못했네요. 앞으로도 그 의도 잘 숨기시고 불편하게 잘 만들어주세요. 지금까지 잘 썼습니다. 감사합니다.,2,카삼페 이벤트 한다길래 굳이굳이 썼는데 이게 방식이 혜택 응모하기를 누르고나서 결제를 해야만 된다네요? 저는 모르고 결제부터 했는데 카카오의 의도를 알아채지 못했네요. 앞으로도 그 의도 잘 숨기시고 불편하게 잘 만들어주세요. 지금까지 잘 썼습니다. 감사합니다.,145
toss,5,3초구경하기 다시 만들어주세요 포인트모으기좋았단 말이에요 ㅠㅠ,1,3초구경하기 다시 만들어주세요 포인트모으기좋았단 말이에요 ㅠㅠ,34
kakaopay,1,주식 모으기로 소액으로 모으니 1주가 안되면 팔지도 못하고 어디로 옮기지도 못하네? 그럼 죽을때까지 들고만 있어야하나? 1주가 아니어도 모으기가 가능했으면 파는것도 1주가 아니어도 가능해야지 장난치나,2,주식 모으기로 소액으로 모으니 1주가 안되면 팔지도 못하고 어디로 옮기지도 못하네? 그럼 죽을때까지 들고만 있어야하나? 1주가 아니어도 모으기가 가능했으면 파는것도 1주가 아니어도 가능해야지 장난치나,111
kbbank,5,잘사용하고있습니다 안전정있고믿음이가는국민은행항상발전과신뢰성있는은행이될것이라고확신합니다 즐거운주말잘보내시고늘건강과행복이함께할시길바랍니다 감사합니다,0,잘사용하고있습니다 안전정있고믿음이가는국민은행항상발전과신뢰성있는은행이될것이라고확신합니다 즐거운주말잘보내시고늘건강과행복이함께할시길바랍니다 감사합니다,80
toss,1,참 짜치내 1~10원짜리 광고 소귀에 경읽기 더 할말 없소,2,참 짜치내 1~10원짜리 광고 소귀에 경읽기 더 할말 없소,32
toss,1,뭔 환급금 조회하려고 동의누르고 진행해도 처음으로 돌아가고 무한반복이네,2,뭔 환급금 조회하려고 동의누르고 진행해도 처음으로 돌아가고 무한반복이네,39
toss,1,알림이 너무많아 고유가지원금만해도 안본다고 꺼도 하루는커녕 한시간만 지나도 대문짝만하게 뜨고 이외 팝업도 뜨는데 개그지같은건 꼭 1초미만의 딜레이가 있어서 자산누르려다 그지같은 광고팝업을 누른다는거임 화면분할을좀 해라,2,알림이 너무많아 고유가지원금만해도 안본다고 꺼도 하루는커녕 한시간만 지나도 대문짝만하게 뜨고 이외 팝업도 뜨는데 개그지같은건 꼭 1초미만의 딜레이가 있어서 자산누르려다 그지같은 광고팝업을 누른다는거임 화면분할을좀 해라,121
kbbank,5,이벤트도 많고 뭐라도 챙겨주는 활성화 프로모션도 만족이요,0,이벤트도 많고 뭐라도 챙겨주는 활성화 프로모션도 만족이요,31
kbbank,5,만족,0,만족,2
toss,5,"조개 모으고 포인트 받기에 ox 퀴즈 오류있어요 ""이가 하얗다고 다 건강한 것은 아니다"" 이 문제에 o했더니 틀렸다면서 설명 읽어보면 o가 맞음요 겉은 하얘도 속은 약할 수 있다고...",2,조개 모으고 포인트 받기에 ox 퀴즈 오류있어요 이가 하얗다고 다 건강한 것은 아니다 이 문제에 o했더니 틀렸다면서 설명 읽어보면 o가 맞음요 겉은 하얘도 속은 약할 수 있다고..,100
kakaopay,5,간편하고 편리합니다,0,간편하고 편리합니다,10
kakaopay,3,"카카오페이 몇년째 사용중인데 요즘 상태가 많이 않좋아졌어요 증권도 하고 포인트 모으기도 하면서 시간날때면 항상 페이앱을 열어놓고 있는데 5분정도 사용하면 앱이 다운됩니다. 이상한것은 다운되면 전체가 그런게 아니라 결제창은 잘 열립니다. 가끔 홈창도 열릴때가 있고 하지만 혜택 자산, 증권은 안열립니다. 고객센터 문의했지만 이상 없다고하고 플레이스토어 가서 업데이트 하라고 하고 휴대폰 다시시작해서 사용하라해서 다 해봤는데 똑같아요. 어찌합니까? 내 폰때문일까요? 여태 잘 쓰다가 요즘에 그런건데 답답합니다. 누가 현답 좀 알려주세요.",1,"카카오페이 몇년째 사용중인데 요즘 상태가 많이 않좋아졌어요 증권도 하고 포인트 모으기도 하면서 시간날때면 항상 페이앱을 열어놓고 있는데 5분정도 사용하면 앱이 다운됩니다. 이상한것은 다운되면 전체가 그런게 아니라 결제창은 잘 열립니다. 가끔 홈창도 열릴때가 있고 하지만 혜택 자산, 증권은 안열립니다. 고객센터 문의했지만 이상 없다고하고 플레이스토어 가서 업데이트 하라고 하고 휴대폰 다시시작해서 사용하라해서 다 해봤는데 똑같아요. 어찌합니까? 내 폰때문일까요? 여태 잘 쓰다가 요즘에 그런건데 답답합니다. 누가 현답 좀 알려주세요.",298
kbbank,5,좋아요~^^,0,좋아요~,4
kakaopay,1,"쿠폰 좀 받아서 써 볼까하고 두 달 동안 월 50회씩 결제해서 5백원 천원 5천원 쿠폰 여러 장 받았는데, 다이소니 매머드커피니 할 것 없이 키오스크에서 전혀 사용이 안 됨. 내 실순가 하고 이리저리 별짓 다 해보고 젊은 알바생들 달라붙어서 씨름했는데도 결국 해결 불가. 고객센터도 동문서답. + 툭하면 딜레이나 멈춤&실행 불가. 결제를 해야 하는데? 시간만 잔뜩 날리고 스트레스만 잔뜩 받음. 카카오페이는 노답 쓰레기페이인 걸로! 지우고 네이버나 삼성페이로 돌아간다. 서비스 관리 계속 그따위로 하다 쪽박 차시게.",2,"쿠폰 좀 받아서 써 볼까하고 두 달 동안 월 50회씩 결제해서 5백원 천원 5천원 쿠폰 여러 장 받았는데, 다이소니 매머드커피니 할 것 없이 키오스크에서 전혀 사용이 안 됨. 내 실순가 하고 이리저리 별짓 다 해보고 젊은 알바생들 달라붙어서 씨름했는데도 결국 해결 불가. 고객센터도 동문서답. 툭하면 딜레이나 멈춤 실행 불가. 결제를 해야 하는데? 시간만 잔뜩 날리고 스트레스만 잔뜩 받음. 카카오페이는 노답 쓰레기페이인 걸로! 지우고 네이버나 삼성페이로 돌아간다. 서비스 관리 계속 그따위로 하다 쪽박 차시게.",286
kbbank,5,편함,0,편함,2
kakaopay,1,광고 오류 심함 개선 좀,2,광고 오류 심함 개선 좀,13
kbbank,5,매우 유용하게 잘 사용하고있습니다. 국민은행에 감사합니다.,0,매우 유용하게 잘 사용하고있습니다. 국민은행에 감사합니다.,32
kbbank,5,빠릅니다 편리하고요,0,빠릅니다 편리하고요,10
toss,5,주식 알림중에 투자상품정보 알림을 꺼놓고 쓰는데 지정가알림이 한번 울리면 투자상품정보가 자동으로 다시 켜져요. 너무 불편합니다. 개선해주세요.,2,주식 알림중에 투자상품정보 알림을 꺼놓고 쓰는데 지정가알림이 한번 울리면 투자상품정보가 자동으로 다시 켜져요. 너무 불편합니다. 개선해주세요.,79
toss,1,쇼핑 유도 탭 좀 없애요 진짜 개짜증나네,3,쇼핑 유도 탭 좀 없애요 진짜 개짜증나네,22
kbbank,5,사용이 쉽고 간편해요,0,사용이 쉽고 간편해요,11
kakaopay,3,k패스를 카페로 이용하고 있는데요 가끔 혼자 로그아웃되어 있어서 안 찍힐 때가 많아요;;,1,k패스를 카페로 이용하고 있는데요 가끔 혼자 로그아웃되어 있어서 안 찍힐 때가 많아요,47
kbbank,5,시간의 제한이 없어서 좋음,0,시간의 제한이 없어서 좋음,14
kbbank,5,편의해요👍잘만드신거같아요,0,편의해요 잘만드신거같아요,13
toss,1,"토스 쇼핑 팝업을 애지간하게 띄우네요... 다른 건 모두 만족인데 토스 쇼핑 팝업 좀 그만 띄워주세요. 닫아도 닫아도 열리도록 하면 어캅니까.,.,.,.,.,. 너무 불편합니다.",2,"토스 쇼핑 팝업을 애지간하게 띄우네요.. 다른 건 모두 만족인데 토스 쇼핑 팝업 좀 그만 띄워주세요. 닫아도 닫아도 열리도록 하면 어캅니까.,.,.,.,.,. 너무 불편합니다.",98
kbbank,4,겔럭시 폴드 앱 사용시 분활 화면이 안되네요ㅠㅡㅠ,1,겔럭시 폴드 앱 사용시 분활 화면이 안되네요ㅠㅡㅠ,27
kakaopay,5,그냥 내 일상의 일부가 되어버린 앱,0,그냥 내 일상의 일부가 되어버린 앱,19
kbbank,5,얼굴인식이 잘안돼,2,얼굴인식이 잘안돼,9
kbbank,5,안족해요,0,안족해요,4
kakaopay,1,이거 왜 갑자기 실시간 거래량 안나오나요? 다시 나오게 해주세요ㅠㅠ,2,이거 왜 갑자기 실시간 거래량 안나오나요? 다시 나오게 해주세요ㅠㅠ,37
kakaopay,4,주식 그룹수랑 글자수좀 늘려주세요. 모자라요.,2,주식 그룹수랑 글자수좀 늘려주세요. 모자라요.,25
kbbank,5,너무 쉽게 알 수 있어 깜짝 놀랐어요. 바로 입금 되어 더더욱 신기했어요.,0,너무 쉽게 알 수 있어 깜짝 놀랐어요. 바로 입금 되어 더더욱 신기했어요.,41
kakaopay,1,앱 실행이 안됩니다. 무한 로딩 걸린 상태로 아무것도 안돼요,2,앱 실행이 안됩니다. 무한 로딩 걸린 상태로 아무것도 안돼요,33
toss,1,미션하기로 자꾸 어디 가입유도 좀 하지말아주세요. 부탁 좀 드릴게요. 추가 26년 5월 17일.. 진짜 이제 많이 하는 어플이 됐는데 광고는 더 많아지고 길어지고 토스 쓰는건 더 어렵게 변했네요.. 왜 점점 하향이 되죠ㅜㅜ,2,미션하기로 자꾸 어디 가입유도 좀 하지말아주세요. 부탁 좀 드릴게요. 추가 26년 5월 17일.. 진짜 이제 많이 하는 어플이 됐는데 광고는 더 많아지고 길어지고 토스 쓰는건 더 어렵게 변했네요.. 왜 점점 하향이 되죠ㅜㅜ,124
kbbank,1,아이폰17프로 맥스로 신분증 촬영 할때 촬영화면이 90도로 꺾여서 나오네요.. 신분증 돌려가며 어거지로 맞춰도 촬영이 안되고 다른 은행앱은 촬영화면도 안돌아가고 잘 되거든요 확인좀 해주세요,2,아이폰17프로 맥스로 신분증 촬영 할때 촬영화면이 90도로 꺾여서 나오네요.. 신분증 돌려가며 어거지로 맞춰도 촬영이 안되고 다른 은행앱은 촬영화면도 안돌아가고 잘 되거든요 확인좀 해주세요,105
kbbank,5,스타트.......^^ 다시한번,0,스타트.. 다시한번,10
toss,1,업뎃안되는뎅? 계속 실패함,1,업뎃안되는뎅? 계속 실패함,14
toss,3,만보기 복권하는데 페이스패이 설정이 복권하나 긁을때마나 나옵니다 굉장히 번거롭게... 안하는사람들은 무조건해라 이건가요?적당히 나왔음 좋겠네요,2,만보기 복권하는데 페이스패이 설정이 복권하나 긁을때마나 나옵니다 굉장히 번거롭게.. 안하는사람들은 무조건해라 이건가요?적당히 나왔음 좋겠네요,78
toss,1,"광고 도배에 앱 내 팝업 도배, 페이스페이 강요 ㅋ 불만 사항 적으면 답변이 죄다 AI답변인가 무슨 말인지 모르겠어요 고객센터 연락하세요 ㅋㅋㅋ 다른 앱 찾아봐야겠다",3,"광고 도배에 앱 내 팝업 도배, 페이스페이 강요 ㅋ 불만 사항 적으면 답변이 죄다 AI답변인가 무슨 말인지 모르겠어요 고객센터 연락하세요 ㅋㅋㅋ 다른 앱 찾아봐야겠다",92
kakaopay,1,앱 열자마자 광고가 대문짝만하게 나오는거 보고 충격.,2,앱 열자마자 광고가 대문짝만하게 나오는거 보고 충격.,29
kbbank,5,편리해서 좋아요 안전하게 관리부탁해요,0,편리해서 좋아요 안전하게 관리부탁해요,20
toss,1,별로입니다,1,별로입니다,5
kbbank,5,걱정했는데 순조롭게 잘 가입되네요 감사합니다,0,걱정했는데 순조롭게 잘 가입되네요 감사합니다,24
toss,1,"쓸데없는 업뎃하느라 앱 느려지게 좀 하지마라. 지금까지 그래도 계좌연동해서 보유금 관리하기 편해서 쓰고 있었는데, 이따위로 계속 늦어지면 그냥 카뱅으로 갈아타지 니네꺼 쓰겠냐",3,"쓸데없는 업뎃하느라 앱 느려지게 좀 하지마라. 지금까지 그래도 계좌연동해서 보유금 관리하기 편해서 쓰고 있었는데, 이따위로 계속 늦어지면 그냥 카뱅으로 갈아타지 니네꺼 쓰겠냐",97
kakaopay,1,왜 화면이 하나도 안 뜨는거죠? 연결상태 좋지 않다고 뜨고 됐다싶으면 화면에 하나도 안뜨고 블랙이네...화면에 뭐라도 떠야 할거 아니예요..하단 메뉴 터치도 안 되고 완전 먹통이네,2,왜 화면이 하나도 안 뜨는거죠? 연결상태 좋지 않다고 뜨고 됐다싶으면 화면에 하나도 안뜨고 블랙이네..화면에 뭐라도 떠야 할거 아니예요..하단 메뉴 터치도 안 되고 완전 먹통이네,99
toss,1,"알림이 안 오네요. 설정은 기기에서, 앱에서, 배터리에서 다 되어 있는데요.",1,"알림이 안 오네요. 설정은 기기에서, 앱에서, 배터리에서 다 되어 있는데요.",42
toss,3,몇일전부터 포인트 적립이 안되네요 폰이 뜨거워지고 만보기.라이브방송 포인트 받는건 모두 안되네요 왜이러죠,2,몇일전부터 포인트 적립이 안되네요 폰이 뜨거워지고 만보기.라이브방송 포인트 받는건 모두 안되네요 왜이러죠,58
kbbank,5,"앱사용이 편리하고,빠르고 정확하고,여러가지 이벤트도 많이 진행해서 좋아요",0,"앱사용이 편리하고,빠르고 정확하고,여러가지 이벤트도 많이 진행해서 좋아요",40
toss,1,디자인이랑 다 좋고 고객을 위해 노력하는 모습 보기는 좋은데 영장 하나날라왔다고 계정 못쓰게하고 위험도 전혀없는데도 못쓰게하는 건 누구머리에서 나옴?,2,디자인이랑 다 좋고 고객을 위해 노력하는 모습 보기는 좋은데 영장 하나날라왔다고 계정 못쓰게하고 위험도 전혀없는데도 못쓰게하는 건 누구머리에서 나옴?,83
kakaopay,1,내 개인정보가 장난감이냐ㅗ,3,내 개인정보가 장난감이냐ㅗ,14
toss,3,토스가 주 자금거래 어플인데 요즘 접속도 느려지고 문제가 많습니다 . 일시적인게 아니라 계속 그런거 같은데 이런 불편이 계속되면 이용자 떠납니다,2,토스가 주 자금거래 어플인데 요즘 접속도 느려지고 문제가 많습니다 . 일시적인게 아니라 계속 그런거 같은데 이런 불편이 계속되면 이용자 떠납니다,80
toss,5,"빠른 답변 감사합니다. 전부터 2,3일에 한번씩 로딩도 안되고 검정화면만 뜨거나, 혹은 화면은 뜨는데 로딩바가 움직이지 않은 상태로 넘어가지지 않는 광고들이 떠서 알려주신 대처방법을 한 뒤에 또 나타날지는 모르겠네요. 해당 버그 말고도 30초 광고를 본 후 선물상자를 받는것도 광고를 다 보고 생성된 닫기버튼을 누르면 보상을 못받고 광고를 보라는 버튼이 다시 생겨서 광고를 봐도 보상을 못받는 버그도 있었습니다. 3,4번 정도 계속 시도해도 변하는게 없었고요. 일단 계속 사용하면서 지켜보겠습니다.",1,"빠른 답변 감사합니다. 전부터 2,3일에 한번씩 로딩도 안되고 검정화면만 뜨거나, 혹은 화면은 뜨는데 로딩바가 움직이지 않은 상태로 넘어가지지 않는 광고들이 떠서 알려주신 대처방법을 한 뒤에 또 나타날지는 모르겠네요. 해당 버그 말고도 30초 광고를 본 후 선물상자를 받는것도 광고를 다 보고 생성된 닫기버튼을 누르면 보상을 못받고 광고를 보라는 버튼이 다시 생겨서 광고를 봐도 보상을 못받는 버그도 있었습니다. 3,4번 정도 계속 시도해도 변하는게 없었고요. 일단 계속 사용하면서 지켜보겠습니다.",278
toss,2,"남들 다 이거 쓸때 안쓰다가 오늘 처음 써봤는데, 신한카드 앱 보다 더 써먹기 힘들고 현대카드 앱이랑 비벼볼만한 수준인데. 이걸 왜 쓰고 있는 건가요?",3,"남들 다 이거 쓸때 안쓰다가 오늘 처음 써봤는데, 신한카드 앱 보다 더 써먹기 힘들고 현대카드 앱이랑 비벼볼만한 수준인데. 이걸 왜 쓰고 있는 건가요?",84
kbbank,5,좋습니다,0,좋습니다,4
kbbank,5,빠르게 적금에 가입할 수 있어요,0,빠르게 적금에 가입할 수 있어요,17
kakaopay,5,안녕하세요. 제가 카카오페이 만보기밖에 안쓰는데 월별 걸음수가 필요해서 난감한 상황이에요ㅜㅜ 월별 평균은 사실 별로 필요가 없는데 월별 총걸음수로 업데이트 부탁드려요 제발ㅜㅜ 좋은 하루 되세요.,2,안녕하세요. 제가 카카오페이 만보기밖에 안쓰는데 월별 걸음수가 필요해서 난감한 상황이에요ㅜㅜ 월별 평균은 사실 별로 필요가 없는데 월별 총걸음수로 업데이트 부탁드려요 제발ㅜㅜ 좋은 하루 되세요.,108
toss,1,사용하다보면 느려져요 방법이 없어서 지웠다 다시깔면 몇주는 정상이다가 또 느려져요,2,사용하다보면 느려져요 방법이 없어서 지웠다 다시깔면 몇주는 정상이다가 또 느려져요,45
kbbank,1,항상 클릭하던 매일걷기가 갑자기 연동 안된대서 .앱제거했다가 다시 설치해도 안되요,2,항상 클릭하던 매일걷기가 갑자기 연동 안된대서 .앱제거했다가 다시 설치해도 안되요,45
toss,1,토스 인증-전화받고 번호도 완료 하였는데 그이후는 인증이 완료 되었다기만하고 실행이 안되요,2,토스 인증 전화받고 번호도 완료 하였는데 그이후는 인증이 완료 되었다기만하고 실행이 안되요,50
kbbank,5,주은행 어플인데 사용하기 편리해요,0,주은행 어플인데 사용하기 편리해요,18
toss,5,앞전과 이번업데이트가 99%에서 더이상 진행이 안됨 그리고 너무 앱내 공지(혜택?알림)이 많음-,2,앞전과 이번업데이트가 99%에서 더이상 진행이 안됨 그리고 너무 앱내 공지 혜택?알림 이 많음,52
kakaopay,5,저도 갤럭시 24인데 며칠전부터 글자가 자꾸 깨지고 화질이 저하되어 있어요. 그 외엔 잘 사용하고 있어서 해결되먼 리뷰 수정하겠습니다. ㅠㅠ,1,저도 갤럭시 24인데 며칠전부터 글자가 자꾸 깨지고 화질이 저하되어 있어요. 그 외엔 잘 사용하고 있어서 해결되먼 리뷰 수정하겠습니다. ㅠㅠ,78
kbbank,1,"한도제한의 취지는 대포통장을 막자는 건데, KB뱅킹은 타은행들과 달리 이를 사적 목적으로 이용하는 듯. VIP고객이어야 한다, 급여 통장이어야 한다, 연금 입금 계좌여야 한다.. 등등. 금감위는 뭐하나, 저런 거 단속 않고..",2,"한도제한의 취지는 대포통장을 막자는 건데, KB뱅킹은 타은행들과 달리 이를 사적 목적으로 이용하는 듯. VIP고객이어야 한다, 급여 통장이어야 한다, 연금 입금 계좌여야 한다.. 등등. 금감위는 뭐하나, 저런 거 단속 않고..",126
kbbank,5,사용하기 너무 편해요~~^^,0,사용하기 너무 편해요~~,13
toss,3,사용하기 편리해서 자주 쓰긴하는데 강요가 너무 심하네요 편리 기능은 좋치만 강요는 아닌거같네요,1,사용하기 편리해서 자주 쓰긴하는데 강요가 너무 심하네요 편리 기능은 좋치만 강요는 아닌거같네요,52
kakaopay,1,걸음을 만보이상 걷는데요... 몆일전부터 걸음수 측정 아예 안돼요!!!!!!!!! 빨리 고쳐주세요 2026.03.04 오후7시 9분,2,걸음을 만보이상 걷는데요.. 몆일전부터 걸음수 측정 아예 안돼요!! 빨리 고쳐주세요 2026.03.04 오후7시 9분,65
toss,4,"1. 신분증 인증이 너~~어~~~무 안됩니다. 2. 모바일신분증 시대이고, 신분증은 가지고 다니지 않는데 왜 아직 모바일신분증 인증이 안될까요. 개선해 주세요. 출국해서 여권 밖에 없는데, 여권으로 며칠째 인증을 못하고 있습니다.ㅠㅠ",2,"1. 신분증 인증이 너~~어~~무 안됩니다. 2. 모바일신분증 시대이고, 신분증은 가지고 다니지 않는데 왜 아직 모바일신분증 인증이 안될까요. 개선해 주세요. 출국해서 여권 밖에 없는데, 여권으로 며칠째 인증을 못하고 있습니다.ㅠㅠ",129
toss,3,자산현황을 보다 알아보기 편하고 자산관리에 보다 유용하긴 하지만 요즘들어 앱에 접속하면 렉이 너무 심하게 걸립니다. 타 앱에 비해 렉의 수준이 너무 심각하기에 이에 대해 하루빨리 조치를 취해주시기 바랍니다.,2,자산현황을 보다 알아보기 편하고 자산관리에 보다 유용하긴 하지만 요즘들어 앱에 접속하면 렉이 너무 심하게 걸립니다. 타 앱에 비해 렉의 수준이 너무 심각하기에 이에 대해 하루빨리 조치를 취해주시기 바랍니다.,115
toss,1,요즘 많이 느려졌어요. 로딩이 멈추거나 오래걸리는 메뉴도 많구요.,2,요즘 많이 느려졌어요. 로딩이 멈추거나 오래걸리는 메뉴도 많구요.,36
kakaopay,1,아침 주식장 오류좀 해결하세요,2,아침 주식장 오류좀 해결하세요,16
toss,1,고객센터에서 아무것도 안해주는데 설명은 왜 해놓는건지,2,고객센터에서 아무것도 안해주는데 설명은 왜 해놓는건지,29
toss,4,위치 추적 좀 추가해주세요 만약 잃어버려서 찾기 힘들고 돈도 버리게되니까요,1,위치 추적 좀 추가해주세요 만약 잃어버려서 찾기 힘들고 돈도 버리게되니까요,41
kakaopay,3,어플은 켜지는데 맨 아래 탭만 눌러지고 다른 화면들은 스크롤이 안되네요ㅠㅠ,2,어플은 켜지는데 맨 아래 탭만 눌러지고 다른 화면들은 스크롤이 안되네요ㅠㅠ,41
kbbank,5,간단조아요,0,간단조아요,5
kbbank,5,간편하게 정기예금 가입 가능해서 좋았습니다 이제는 저축상품도 앱으로 하게되네요,0,간편하게 정기예금 가입 가능해서 좋았습니다 이제는 저축상품도 앱으로 하게되네요,43
kbbank,5,빠르고 간편해요,0,빠르고 간편해요,8
toss,2,운세 이상해요. 아무일도 없는데 있다해요. 좋은 일 있다고 하면 없는데.,2,운세 이상해요. 아무일도 없는데 있다해요. 좋은 일 있다고 하면 없는데.,40
kbbank,5,매우 만족합니다.,0,매우 만족합니다.,9
kbbank,5,친절하십니다,0,친절하십니다,6
toss,4,토스 요즘 잘 사용하고 있는데 점점 짜증나네요. 접속이 잘 안되어 비밀번호도 몇번씩 누르게 하고 게임할때도 요금도 잘 안올라가고~,2,토스 요즘 잘 사용하고 있는데 점점 짜증나네요. 접속이 잘 안되어 비밀번호도 몇번씩 누르게 하고 게임할때도 요금도 잘 안올라가고~,72
kakaopay,5,잘쓰고 있습니다 1년 그래프 말고 5년 그래프도 추가되었으면 합니다,0,잘쓰고 있습니다 1년 그래프 말고 5년 그래프도 추가되었으면 합니다,37
toss,1,미끼성 광고와 돈에 미침,3,미끼성 광고와 돈에 미침,13
toss,1,"제발 토스증권아 일좀해라.. 진짜 토스증권 만큼 좋은 주식 어플이 없어서 계속 쓰고있는데 문제는 커뮤니티입니다. 이거만 제대로 해결하면 토스는 진짜 완벽합니다. 커뮤니티는 서로 정보교류하는게 아니라 타인의 고통을 좋아하는 조롱충들의 천하입니다. 지수가 떨어지면 그동안 숨었던 정신병장, 도라이, 정치병자들이 물려와서 온갖 사람 긁게 ""ㅋㅋㅋㅋㅋ 잘가라,"" 삼전 너희들 납치된거야 엌ㅋㅋㅋ, 고점에 물린흑우 읍제?""식으로 조롱하는 놈들만 붐비고, 신고해도 소용없습니다. 주식 상위1퍼 투자 고수들의 주식 분석글은 배아파서 악의적으로 신고해서 영정먹이고, 막상 조롱하는 새끼들은 아무런 처벌 안줍니다. 진짜 주식 떨어질때 마다 커뮤에서 이런 조롱 벌레들 봐야되서 진짜 스트레스 받고 짜증납니다. 왜이렇게 나쁜사람들이 많은지 의아해지고, 아무튼 제발 이제 주주아니면 네이버 종토방처럼 커뮤에 댓글달지 못하게 해주세요. 그러면 커뮤 분위기가 90퍼이상 깨끗해집니다.",2,"제발 토스증권아 일좀해라.. 진짜 토스증권 만큼 좋은 주식 어플이 없어서 계속 쓰고있는데 문제는 커뮤니티입니다. 이거만 제대로 해결하면 토스는 진짜 완벽합니다. 커뮤니티는 서로 정보교류하는게 아니라 타인의 고통을 좋아하는 조롱충들의 천하입니다. 지수가 떨어지면 그동안 숨었던 정신병장, 도라이, 정치병자들이 물려와서 온갖 사람 긁게 ㅋㅋㅋㅋㅋ 잘가라, 삼전 너희들 납치된거야 엌ㅋㅋㅋ, 고점에 물린흑우 읍제? 식으로 조롱하는 놈들만 붐비고, 신고해도 소용없습니다. 주식 상위1퍼 투자 고수들의 주식 분석글은 배아파서 악의적으로 신고해서 영정먹이고, 막상 조롱하는 새끼들은 아무런 처벌 안줍니다. 진짜 주식 떨어질때 마다 커뮤에서 이런 조롱 벌레들 봐야되서 진짜 스트레스 받고 짜증납니다. 왜이렇게 나쁜사람들이 많은지 의아해지고, 아무튼 제발 이제 주주아니면 네이버 종토방처럼 커뮤에 댓글달지 못하게 해주세요. 그러면 커뮤 분위기가 90퍼이상 깨끗해집니다.",478
toss,1,환급알림좀 그만보내세요 알림 선택끄기해도 계속 쳐와서 전체알림 껐습니다,2,환급알림좀 그만보내세요 알림 선택끄기해도 계속 쳐와서 전체알림 껐습니다,39
kbbank,5,모바일 이체한도가 높아서 좋아요,0,모바일 이체한도가 높아서 좋아요,17
toss,1,토스 하다가 광고를 볼때 징그러운 게임광고가 자꾸 등장해요 여자가 옷을 벗으면 등에 털이 많이나있거나 벌레가 기어다니는등 막 혐오스러운 게임광고 때문에 징그럽고 보기 싫어요 제발 이 징그러운 게임 광고 등장안하게 해주세요,2,토스 하다가 광고를 볼때 징그러운 게임광고가 자꾸 등장해요 여자가 옷을 벗으면 등에 털이 많이나있거나 벌레가 기어다니는등 막 혐오스러운 게임광고 때문에 징그럽고 보기 싫어요 제발 이 징그러운 게임 광고 등장안하게 해주세요,123
toss,5,젛아여,0,젛아여,3
kbbank,5,언제나 감사합니다~♡!!,0,언제나 감사합니다~ !!,13
kakaopay,1,다루기 복잡하고 불편함. 이거 보기 쉽다고 한 사람들은 얼마나 구린 것만 사용한거지?,2,다루기 복잡하고 불편함. 이거 보기 쉽다고 한 사람들은 얼마나 구린 것만 사용한거지?,47
kakaopay,1,업데이트 탓에 안드로이드8 OS에선 작동하지 않음,1,업데이트 탓에 안드로이드8 OS에선 작동하지 않음,27
kakaopay,3,요즘 오류가 만이 나고 검색하거나 클릭하면 자꾸 먹통이 되고 언넘어갑니다 최근 2주사이 저 심해졌어요 제발 게선좀하세요 페이를 쓸수가 없자나요ㅜㅜ 짜증나네요,2,요즘 오류가 만이 나고 검색하거나 클릭하면 자꾸 먹통이 되고 언넘어갑니다 최근 2주사이 저 심해졌어요 제발 게선좀하세요 페이를 쓸수가 없자나요ㅜㅜ 짜증나네요,87
kakaopay,4,"주소변경 시 상세주소 입력이 안 되는데요? 입력하면 글자든 숫자든 떠야 하는데 아무것도 안 떠요,",1,"주소변경 시 상세주소 입력이 안 되는데요? 입력하면 글자든 숫자든 떠야 하는데 아무것도 안 떠요,",54
kakaopay,1,접속 왜안되는거에여? 계속 노란화면에 버퍼링만 뜨고 접속 안되여,2,접속 왜안되는거에여? 계속 노란화면에 버퍼링만 뜨고 접속 안되여,35
kbbank,5,여러개의 금융앱중에서 가장편리한것같아요,0,여러개의 금융앱중에서 가장편리한것같아요,21
kakaopay,2,너무 잡다한 광고가 많고 무거워서 못쓰겠어요 외부 광고만 사람 짜증나게 할 수 있는 게 아니에요 여기저기서 앱 내부 서비스 관련 광고가 너무 많이 튀어나와요ㅠㅠ 렉이 걸리는 바람에 페이에 만원만 충전하려고 했는데 10만원 충전됐어요ㅠㅠ도로 송금하는 수수료가 무료라서 망정이지 아니었으면......,2,너무 잡다한 광고가 많고 무거워서 못쓰겠어요 외부 광고만 사람 짜증나게 할 수 있는 게 아니에요 여기저기서 앱 내부 서비스 관련 광고가 너무 많이 튀어나와요ㅠㅠ 렉이 걸리는 바람에 페이에 만원만 충전하려고 했는데 10만원 충전됐어요ㅠㅠ도로 송금하는 수수료가 무료라서 망정이지 아니었으면..,161
kbbank,4,이자가 낮지만.,1,이자가 낮지만.,8
toss,1,종종 터지나 스크롤 동작이 아예 안되는데 앱 관리가 안되거나 테스트를 제대로 안하시나요? 기본적인 사항이라고 생각드는데 제대로 확인 좀 해주세요.,2,종종 터지나 스크롤 동작이 아예 안되는데 앱 관리가 안되거나 테스트를 제대로 안하시나요? 기본적인 사항이라고 생각드는데 제대로 확인 좀 해주세요.,81
toss,4,주식 가격 알림 기능에서 설정단위를 달러로도 가능하게 해주세요... 주식거래는 토스증권에서 하는데 가격 알림 기능은 타 증권앱을 사용하는 상황입니다...,2,주식 가격 알림 기능에서 설정단위를 달러로도 가능하게 해주세요.. 주식거래는 토스증권에서 하는데 가격 알림 기능은 타 증권앱을 사용하는 상황입니다..,83
kbbank,1,접속 또안돼요 아진짜 미치겠네,3,접속 또안돼요 아진짜 미치겠네,16
kakaopay,1,복잡해죽겠네 사고팔기좀 쉽게 개선좀 해요 메뉴 찾다가 시간 다 보내네 두번다시 투자하는데 안씀,3,복잡해죽겠네 사고팔기좀 쉽게 개선좀 해요 메뉴 찾다가 시간 다 보내네 두번다시 투자하는데 안씀,52
kakaopay,1,체결강도 확인좀 가능하게 추가좀 해 주세요,1,체결강도 확인좀 가능하게 추가좀 해 주세요,23
toss,2,doesn't work send to payid,1,doesn t work send to payid,26
toss,1,확인절차도 같은거 계속 반복해야되고 막상 하면 오류발생 오류발생만 반복 하는건 많은데 할줄아는건 없는 어플,2,확인절차도 같은거 계속 반복해야되고 막상 하면 오류발생 오류발생만 반복 하는건 많은데 할줄아는건 없는 어플,59
toss,4,"토스 수수료 없는 점이 좋아요 고객선터에 전화하기는 귀찮아서 여기에 남겨요 제가 토스 내에서 한국투자증권 계좌에서 토스 증권 계좌로 송금하는 게 잘 됐는데 갑자기 송금 실패로 뜨면서 ""선택한 계좌에서 출금할 수 없어요. 은행에서 계좌 상태를 확인해주세요.""라고 뜨는데 해결 방법은 없을까요?",1,토스 수수료 없는 점이 좋아요 고객선터에 전화하기는 귀찮아서 여기에 남겨요 제가 토스 내에서 한국투자증권 계좌에서 토스 증권 계좌로 송금하는 게 잘 됐는데 갑자기 송금 실패로 뜨면서 선택한 계좌에서 출금할 수 없어요. 은행에서 계좌 상태를 확인해주세요. 라고 뜨는데 해결 방법은 없을까요?,161
kakaopay,3,예수금을 어디서 확인되나요 일주일을 찾아도 찾을수가 없네요,1,예수금을 어디서 확인되나요 일주일을 찾아도 찾을수가 없네요,32
toss,1,상담원 연결 72시간 ㅋㅋ,2,상담원 연결 72시간 ㅋㅋ,14
kakaopay,1,증권앱이 나만 렉걸려?ㅡㅡ이게말이되?ㅡㅡ,2,증권앱이 나만 렉걸려?ㅡㅡ이게말이되?ㅡㅡ,22
toss,1,어플 관리 좀 똑바로 하세요 갈수록 렉걸리고 무슨 업데이트 할 때 마다 더 불편해지고 느려지고 광고는 알람 꺼놓으면 또 다른 광고 새로 만들어서 짜증나게 뜨고 만보기나 20원 받는 이벤트나 꼴랑 몇원 주면서 광고 봤는데도 두세번씩 씹히면 진짜 앱삭제 마려워요 ㅋㅋ 토스 켠 친구도 알람 뜨자마자 1초만에 바로 들어가도 막상 안 뜨고 그럴거면 귀찮게 알람은 왜 보내는건지..,3,어플 관리 좀 똑바로 하세요 갈수록 렉걸리고 무슨 업데이트 할 때 마다 더 불편해지고 느려지고 광고는 알람 꺼놓으면 또 다른 광고 새로 만들어서 짜증나게 뜨고 만보기나 20원 받는 이벤트나 꼴랑 몇원 주면서 광고 봤는데도 두세번씩 씹히면 진짜 앱삭제 마려워요 ㅋㅋ 토스 켠 친구도 알람 뜨자마자 1초만에 바로 들어가도 막상 안 뜨고 그럴거면 귀찮게 알람은 왜 보내는건지..,208
kbbank,5,고객을 배려하는 정성이 느껴졌습니다. 고맙습니다.,0,고객을 배려하는 정성이 느껴졌습니다. 고맙습니다.,27
toss,2,업데이트하고 개장직후5분동안계속 버벅댐. 취소도 됐다안됐다! 업데이트하면 망가지는게 일상이네ㅡㅡ,2,업데이트하고 개장직후5분동안계속 버벅댐. 취소도 됐다안됐다! 업데이트하면 망가지는게 일상이네ㅡㅡ,53
kakaopay,1,개인정보 중국에 팔아 넘기는 이적기업 앱!,1,개인정보 중국에 팔아 넘기는 이적기업 앱!,23
toss,3,갑자기 토스증권 보유주식 자세히보기 현황창 글씨가 너무 커졌어요. 온 동네에 제 주식 상황 광고하는 거 같이서 공공장소에서 하기 쪽팔려요. 다른 화면은 다 그대론데 여기만 왜 이렇게됐죠?,2,갑자기 토스증권 보유주식 자세히보기 현황창 글씨가 너무 커졌어요. 온 동네에 제 주식 상황 광고하는 거 같이서 공공장소에서 하기 쪽팔려요. 다른 화면은 다 그대론데 여기만 왜 이렇게됐죠?,104
toss,2,무슨 만보기 복권하나 받고 긁기 힘들다 꼴랑 10~20원 주면서 영상봐야 복권긁기되고 영상 누루면 5~6번 해도 계속 먹통 수준 아 욕이 절로 나옴 왜만든거임? 너무 앱들이 안되서 삭제했다가 다시들어가면 포인트받았던것들 다 사라져서 다시 첨부터 리셋 이런 🐕 같은 경우가 다있네,2,무슨 만보기 복권하나 받고 긁기 힘들다 꼴랑 10~20원 주면서 영상봐야 복권긁기되고 영상 누루면 5~6번 해도 계속 먹통 수준 아 욕이 절로 나옴 왜만든거임? 너무 앱들이 안되서 삭제했다가 다시들어가면 포인트받았던것들 다 사라져서 다시 첨부터 리셋 이런 같은 경우가 다있네,153
toss,1,잘쓰다 갑자기 초기화된냥 계좌인증 쳐해라하노,2,잘쓰다 갑자기 초기화된냥 계좌인증 쳐해라하노,24
toss,2,앱 안정화 좀 하세요 갈수록 쓸데없는 기능만 생겨서 무거워지기만 하고 최적화를 안하네 여기는,2,앱 안정화 좀 하세요 갈수록 쓸데없는 기능만 생겨서 무거워지기만 하고 최적화를 안하네 여기는,51
toss,2,토스가 열리지 않고 흰 화면만 뜨네요,1,토스가 열리지 않고 흰 화면만 뜨네요,20
kakaopay,1,정기결제 해지해도 지멋대로 다시 동의하네요,1,정기결제 해지해도 지멋대로 다시 동의하네요,23
kakaopay,4,카카오페이증권 어플 좋아요! 정말 잘 쓰고 있습니다. 매도 매수 주문하기 쉽고 어플도 한눈에 보기 좋아 평소에 잘 쓰고 있습니다. 커뮤니티도 보면서 잘 활용하는 앱이고 사용자들이 쉽게 접근할수 있게 만들어주셔서 감사합니다. 1~2년 정도 ISA계좌에 안 넣고 싶은 계좌를 안 보이게 단기투자용 장기용(1~2년) 계좌가 따로 구분되었으면 좋겠어요. 안 보게 하기 위해 다른 회사걸 쓰게 되네요 카카오증권을 더 원활히 이용하고 싶어 건의 드려요~,0,카카오페이증권 어플 좋아요! 정말 잘 쓰고 있습니다. 매도 매수 주문하기 쉽고 어플도 한눈에 보기 좋아 평소에 잘 쓰고 있습니다. 커뮤니티도 보면서 잘 활용하는 앱이고 사용자들이 쉽게 접근할수 있게 만들어주셔서 감사합니다. 1~2년 정도 ISA계좌에 안 넣고 싶은 계좌를 안 보이게 단기투자용 장기용 1~2년 계좌가 따로 구분되었으면 좋겠어요. 안 보게 하기 위해 다른 회사걸 쓰게 되네요 카카오증권을 더 원활히 이용하고 싶어 건의 드려요~,246
kbbank,5,너무 좋아요ㅎ,0,너무 좋아요ㅎ,7
kbbank,5,간단한 방법으로 할수가 있어좋다,0,간단한 방법으로 할수가 있어좋다,17
kbbank,5,good enough,0,good enough,11
kbbank,5,간편해요,0,간편해요,4
toss,5,"토스 앱, 너무 만족스러워요! 게다가 최근에는 걸을때마다 포인트가 쌓이는 기능이 추가되었는데 너무 좋습니다! 다만, 포인트를 사용하는 방법을 잘 몰라서 알려주시면 감사하겠습니다!",0,"토스 앱, 너무 만족스러워요! 게다가 최근에는 걸을때마다 포인트가 쌓이는 기능이 추가되었는데 너무 좋습니다! 다만, 포인트를 사용하는 방법을 잘 몰라서 알려주시면 감사하겠습니다!",99
kbbank,5,편하고 좋아요,0,편하고 좋아요,7
toss,1,자산에서 타증권사 주식현황이 업뎃 안된지 며칠째 타 증권사 앱이 있지만 토스에서 내 전체 자산이 틀리게 보이니 짜증남 그것도 메인페이지 최상단 ㅋ 말 되나?,2,자산에서 타증권사 주식현황이 업뎃 안된지 며칠째 타 증권사 앱이 있지만 토스에서 내 전체 자산이 틀리게 보이니 짜증남 그것도 메인페이지 최상단 ㅋ 말 되나?,87
toss,2,새로고침을 해도 잔액이 제대로 표시되지 않아요. 결제를 하면 사용한 금액만큼 차감돼서 떠야 하는데 새로고침을 하거나 앱을 껐다 켜도 그대로입니다. 처음엔 그냥 넘겼는데 계속 반복되니까 점점 불편하네요.,2,새로고침을 해도 잔액이 제대로 표시되지 않아요. 결제를 하면 사용한 금액만큼 차감돼서 떠야 하는데 새로고침을 하거나 앱을 껐다 켜도 그대로입니다. 처음엔 그냥 넘겼는데 계속 반복되니까 점점 불편하네요.,112
toss,5,토스 만큼 좋은 앱이 없다고 생각합니다. 늘 애용하고 늘 함께 있습니다!,0,토스 만큼 좋은 앱이 없다고 생각합니다. 늘 애용하고 늘 함께 있습니다!,40
kakaopay,1,"증권화면은 왜 자꾸만 바꾸는건지요 적응할만하면 바꾸고 또적응할만하면 바꾸고 이제떠날때가 됐나봅니다,",3,"증권화면은 왜 자꾸만 바꾸는건지요 적응할만하면 바꾸고 또적응할만하면 바꾸고 이제떠날때가 됐나봅니다,",55
kakaopay,5,아니 왜 로딩이 안됨?,2,아니 왜 로딩이 안됨?,12
kbbank,5,베리굿입니다,0,베리굿입니다,6
kbbank,5,어플 렉도 없고 사용하기 너무 편해요,0,어플 렉도 없고 사용하기 너무 편해요,20
kakaopay,1,두번다시 안쓴다 가면갈수록 퇴보하는앱,3,두번다시 안쓴다 가면갈수록 퇴보하는앱,20
kbbank,5,90프로 만족,0,90프로 만족,7
kakaopay,1,"페이 카드 분실로 재발급을 신청했는데 신분증 대비 외형 변화(머리 스타일)로 얼굴 인식이 반복적으로 인증이 안되고 시도 횟수까지 차감되는 구조는 사용자 입장에서 매우 불합리하게 느껴지며, 단순 재발급임에도 과도한 인증 절차가 요구할필요가? 됐어 안해~ 접어",2,"페이 카드 분실로 재발급을 신청했는데 신분증 대비 외형 변화 머리 스타일 로 얼굴 인식이 반복적으로 인증이 안되고 시도 횟수까지 차감되는 구조는 사용자 입장에서 매우 불합리하게 느껴지며, 단순 재발급임에도 과도한 인증 절차가 요구할필요가? 됐어 안해~ 접어",143
kbbank,5,아주 쉽게 잘 되어있네요,0,아주 쉽게 잘 되어있네요,13
kbbank,5,편리하고 빠르고 정확함,0,편리하고 빠르고 정확함,12
toss,3,"최신으로 업데이트했는데 토스증권 글씨체 굵기가 너무 진해졌는데 이거 다시 예전처럼 얇게 변경할수있는건가요? 뭔 누가 업데이트 저걸 굵게했는지 몰라도 무식하게 굵어졌는데, 바꿀수있는지 궁금합니다.",1,"최신으로 업데이트했는데 토스증권 글씨체 굵기가 너무 진해졌는데 이거 다시 예전처럼 얇게 변경할수있는건가요? 뭔 누가 업데이트 저걸 굵게했는지 몰라도 무식하게 굵어졌는데, 바꿀수있는지 궁금합니다.",108
kbbank,5,타 은행보다 어플이 이용하기 쉽게만들어짐,0,타 은행보다 어플이 이용하기 쉽게만들어짐,22
kakaopay,1,또업그레이하고 참나 웃기네 진짜 가만히 좀있길 추가기능은 안에서 알아서 만들길 무슨대단한일이라고 업그레이드 하노 가만히 좀 있어라 업그레이드 말만들어도 짜증나니깐 앱안에서 해결 해라 내가공부만 잘했어도 자주 업그레이드 안하겠다참 웃기네 돈장사는 어쩔수없는 모양이다,2,또업그레이하고 참나 웃기네 진짜 가만히 좀있길 추가기능은 안에서 알아서 만들길 무슨대단한일이라고 업그레이드 하노 가만히 좀 있어라 업그레이드 말만들어도 짜증나니깐 앱안에서 해결 해라 내가공부만 잘했어도 자주 업그레이드 안하겠다참 웃기네 돈장사는 어쩔수없는 모양이다,147
kakaopay,5,이번에 업뎃 이후에 증권 보유도 하고있지도 않은 종목에 판매버튼이 있어서 완전 이상함 빠른수정 부탁,2,이번에 업뎃 이후에 증권 보유도 하고있지도 않은 종목에 판매버튼이 있어서 완전 이상함 빠른수정 부탁,55
toss,1,에효,1,에효,2
toss,1,요즘 앱이 많이 느려요. 데이터 조회도 느리고 앱도 버벅이고요,2,요즘 앱이 많이 느려요. 데이터 조회도 느리고 앱도 버벅이고요,34
toss,5,"엄청 좋습니다. 각종 이벤트도 하고 어떤 이벤트가 끝나면 다른 이벤트를 하는, 이벤트 바톤 터치를 지금까지 하고 있고요, 돈에 대한 상식도 알려주는 것이랑 악성 앱 탐지기능도 같이 있어서, 어떤 은행 앱 쓸까, 라고 고민하시면 토스 추천드립니다.",0,"엄청 좋습니다. 각종 이벤트도 하고 어떤 이벤트가 끝나면 다른 이벤트를 하는, 이벤트 바톤 터치를 지금까지 하고 있고요, 돈에 대한 상식도 알려주는 것이랑 악성 앱 탐지기능도 같이 있어서, 어떤 은행 앱 쓸까, 라고 고민하시면 토스 추천드립니다.",137
toss,3,이거 스크롤은 물론 터치 자체가 안먹히는 일이 자주있는데 개선좀 하시지요,2,이거 스크롤은 물론 터치 자체가 안먹히는 일이 자주있는데 개선좀 하시지요,40
toss,5,토스 잘썼는데요.. 만보기에서까지 주식계좌강요 좀 하지마세요 복권인양 긁게하고 다음 페이즈로 안되는거 진심 열받습니다 끄고 다시 만보기 누르고 한개 긁을때마다 그래야되고. 페이스페이 주식계좌 할 사람은 합니다 그만 좀 하세요,2,토스 잘썼는데요.. 만보기에서까지 주식계좌강요 좀 하지마세요 복권인양 긁게하고 다음 페이즈로 안되는거 진심 열받습니다 끄고 다시 만보기 누르고 한개 긁을때마다 그래야되고. 페이스페이 주식계좌 할 사람은 합니다 그만 좀 하세요,125
kakaopay,1,최악입니다 이번 ui왜 바꿨어요???? 호가 보유 메뉴 왜 위로 올렸어요?? 버튼하고 떨어져있어서 더 불편하고 이동하기 힘들어요 그 전엔 하단영역에서만 움직이니까 편했는데 진짜 주식 안해본사람이 기획하나요???? 최악이예요 토스따라하고싶어서 그러면 더 좋게하던가 쓰레기앱같아요,2,최악입니다 이번 ui왜 바꿨어요?? 호가 보유 메뉴 왜 위로 올렸어요?? 버튼하고 떨어져있어서 더 불편하고 이동하기 힘들어요 그 전엔 하단영역에서만 움직이니까 편했는데 진짜 주식 안해본사람이 기획하나요?? 최악이예요 토스따라하고싶어서 그러면 더 좋게하던가 쓰레기앱같아요,150
kakaopay,5,아주 유용하게 만났습니다. 굿 👍,0,아주 유용하게 만났습니다. 굿,16
toss,3,"아니, 가끔 운세나 포인트 돌려받기 누르기가 왜 안 됨?",2,"아니, 가끔 운세나 포인트 돌려받기 누르기가 왜 안 됨?",31
toss,1,옛날에는 뭐 많이 주고 이벤트도 많았는데 요즘은 덜하고 주식도 무슨 빌려주기 이상한 거나 만들고 아주 정떨어지는데,2,옛날에는 뭐 많이 주고 이벤트도 많았는데 요즘은 덜하고 주식도 무슨 빌려주기 이상한 거나 만들고 아주 정떨어지는데,63
kakaopay,1,기껏 광고 보게 해놓고 3p??? 보너스라고 해놓고 또 광고봤는데 2p? 왜 1p로 주지? 게다가 광고는 성인몰 광고 성인게임 광고 분명히 아이들도 이 앱을 쓸텐데? 광고는 또 스킵 안되게 해놓고 강제로 플레이스토어 2번 보게 만들고 이러니 다른 페이한테 잡아 먹히고 있지 곧 손절할 거 같습니다,2,기껏 광고 보게 해놓고 3p?? 보너스라고 해놓고 또 광고봤는데 2p? 왜 1p로 주지? 게다가 광고는 성인몰 광고 성인게임 광고 분명히 아이들도 이 앱을 쓸텐데? 광고는 또 스킵 안되게 해놓고 강제로 플레이스토어 2번 보게 만들고 이러니 다른 페이한테 잡아 먹히고 있지 곧 손절할 거 같습니다,164
kbbank,5,편리한가입,0,편리한가입,5
toss,5,은행의 번거로움에서 해방된 기분입니다,0,은행의 번거로움에서 해방된 기분입니다,20
kakaopay,1,앱이 안열리는데 업데이트도없고 왜이러나요?,2,앱이 안열리는데 업데이트도없고 왜이러나요?,23
toss,2,3년째 쓰고있는데 몇일전부터 오류인지 지속적인 미션 페이지가 이상한 형태로 나옴 활성화가 잘 안되어 있음 ! ! ! ! 긴급점검 하시오,2,3년째 쓰고있는데 몇일전부터 오류인지 지속적인 미션 페이지가 이상한 형태로 나옴 활성화가 잘 안되어 있음 ! ! ! ! 긴급점검 하시오,75
toss,1,잔액반영이 너무 느림,2,잔액반영이 너무 느림,11
kakaopay,2,도대체 주식 주문창에 체결강도랑 호가 비율 왜없엔거임? 갈아타야하나 제정신아닌듯,2,도대체 주식 주문창에 체결강도랑 호가 비율 왜없엔거임? 갈아타야하나 제정신아닌듯,44
kakaopay,3,"카카오페이>>매일모으기>>글로벌 멀티액션 게임 참여하실 분들만 참고해주세요. 리워드 회사 ㅂㅈㅂ에 미리 당하지 마시라고 알려드립니다. 게임 레벨달성 리워드 미션이 있는데 10, 20, 30, 40까지는 정상 지급됐는데 동일 조건으로 달성한 레벨 50은 기술적 오류라며 지급 거절됨.(광고차단 x, 오프라인 x, vpn x인데도 불구) 고객센터 문의했지만 구체적인 설명 없이 동일 답변만 반복됨. 이용하실 분들은 참고하시길 바랍니다.",2,"카카오페이 매일모으기 글로벌 멀티액션 게임 참여하실 분들만 참고해주세요. 리워드 회사 ㅂㅈㅂ에 미리 당하지 마시라고 알려드립니다. 게임 레벨달성 리워드 미션이 있는데 10, 20, 30, 40까지는 정상 지급됐는데 동일 조건으로 달성한 레벨 50은 기술적 오류라며 지급 거절됨. 광고차단 x, 오프라인 x, vpn x인데도 불구 고객센터 문의했지만 구체적인 설명 없이 동일 답변만 반복됨. 이용하실 분들은 참고하시길 바랍니다.",238
kakaopay,1,업뎃후 오픈되지않음.ㅠㅠ,2,업뎃후 오픈되지않음.ㅠㅠ,13
toss,1,하단에 100원 어쩌고 말풍선 그만 좀 뜨게 해주세요. 닫아도 계속 뜨는데 진짜 개빡칩니다.,2,하단에 100원 어쩌고 말풍선 그만 좀 뜨게 해주세요. 닫아도 계속 뜨는데 진짜 개빡칩니다.,51
toss,1,토스 증권이 요즘따라 안들어가져요..,2,토스 증권이 요즘따라 안들어가져요..,20
kbbank,4,사용이 편리해요,0,사용이 편리해요,8
toss,2,토스뱅크 광고 그만 좀 해라. +알림말고 인앱광고...😑,2,토스뱅크 광고 그만 좀 해라. 알림말고 인앱광고..,28
toss,4,재밌어요,0,재밌어요,4
kbbank,5,캐나다에서 1달전 갱신시 한국전화로 안전코드 받으라해 포기했는데 이번엔 그런 절차가 없어져 갱신했어요! 대단히 감사합니다~!!!,0,캐나다에서 1달전 갱신시 한국전화로 안전코드 받으라해 포기했는데 이번엔 그런 절차가 없어져 갱신했어요! 대단히 감사합니다~!!,70
kakaopay,1,카카오페이가 열리지 않아요,2,카카오페이가 열리지 않아요,14
kbbank,1,인증서 안면인식 실패자꾸떠서 인증서 안만들어져서 들어가지를 못함 ㅡㅡ,2,인증서 안면인식 실패자꾸떠서 인증서 안만들어져서 들어가지를 못함 ㅡㅡ,38
kbbank,5,편리하고 좋습니다.,0,편리하고 좋습니다.,10
toss,1,일않하나요??허군한날 렉생기고 이게머하는건가요??,2,일않하나요??허군한날 렉생기고 이게머하는건가요??,27
kakaopay,4,잘쓰고있는데 주식탭 둥근 그래프로 어떤 종목 몇개있는지도 만들어주시면 안되나요? 도미노가 너무 느려서 건너왔는데 뭐가 얼마나 비중이 있는지 못보니 어렵네요ㅜㅜ,0,잘쓰고있는데 주식탭 둥근 그래프로 어떤 종목 몇개있는지도 만들어주시면 안되나요? 도미노가 너무 느려서 건너왔는데 뭐가 얼마나 비중이 있는지 못보니 어렵네요ㅜㅜ,88
toss,1,와 아니 진짜 개어이없네 아니 무슨 모바일 티머니라면서 3만원 충전해놓았는데 인식도 안되고 뭡니까 ㅋㅋ 아니 고객센터에 문의를 넣어도 통화가 많다 하 무슨 토스는 고객을 개로 보는겁니까? 토스 2년동안 애용했는데 딴 앱으로 갈아탈랍니다,3,와 아니 진짜 개어이없네 아니 무슨 모바일 티머니라면서 3만원 충전해놓았는데 인식도 안되고 뭡니까 ㅋㅋ 아니 고객센터에 문의를 넣어도 통화가 많다 하 무슨 토스는 고객을 개로 보는겁니까? 토스 2년동안 애용했는데 딴 앱으로 갈아탈랍니다,131
kbbank,5,굳굳,0,굳굳,2
toss,1,필요성 없음.,1,필요성 없음.,7
toss,1,고양이키우기 광고봐서 얻는 것들 다 에러납니다 요즘 계속 그러네요,2,고양이키우기 광고봐서 얻는 것들 다 에러납니다 요즘 계속 그러네요,36
kakaopay,1,"토스 따라할거면 성능까지 따라하던가... 새로 구상할 참신함도 없어서 남의 아이디어 갖다배끼는 수준, 성능까지 구려서 구현도 제대로 못하는 후진 밑천, 광고비로 굴러가는 하향세 기업인거 다 이해겠는데요, 갖잖은 편법까지 쓰면서 사람 기만하고 화나게 하지는 맙시다... 광고 보고 터치해서 꼴랑 2원 주는 기능 당장 없애버리세요. 사람 화나게 하려고 작정했습니까? 시작하자마자 눌렀는데 숫자가 5개는 지나가고나서 뒤늦게 눌리더니 꼴랑 2원을 주더군요. 이딴게 뭘 내가 눌러서 뽑는겁니까 그냥 2원 받기지 사람 화나게 하지 말고 당장 그냥 50원 받기로 되돌려놓으세요.",3,"토스 따라할거면 성능까지 따라하던가.. 새로 구상할 참신함도 없어서 남의 아이디어 갖다배끼는 수준, 성능까지 구려서 구현도 제대로 못하는 후진 밑천, 광고비로 굴러가는 하향세 기업인거 다 이해겠는데요, 갖잖은 편법까지 쓰면서 사람 기만하고 화나게 하지는 맙시다.. 광고 보고 터치해서 꼴랑 2원 주는 기능 당장 없애버리세요. 사람 화나게 하려고 작정했습니까? 시작하자마자 눌렀는데 숫자가 5개는 지나가고나서 뒤늦게 눌리더니 꼴랑 2원을 주더군요. 이딴게 뭘 내가 눌러서 뽑는겁니까 그냥 2원 받기지 사람 화나게 하지 말고 당장 그냥 50원 받기로 되돌려놓으세요.",314
kakaopay,3,이거 어제 오늘도 아니고. . 주식에서. . 내가 주문한 내용은 반영 되지 않는 경우가 많아서 답답.. 스탤스 주문이 되는 가운데 그래도 거래는 되는데. . 어떤 때는 주문 내용이 반영되지만 어떨 때는 스텔스. . 대부붐 스텔스 현상이 . . 무슨 문제인지. 나만 이런 현상이. . ? 아니면 폰 설정이 잘못.?,2,이거 어제 오늘도 아니고. . 주식에서. . 내가 주문한 내용은 반영 되지 않는 경우가 많아서 답답.. 스탤스 주문이 되는 가운데 그래도 거래는 되는데. . 어떤 때는 주문 내용이 반영되지만 어떨 때는 스텔스. . 대부붐 스텔스 현상이 . . 무슨 문제인지. 나만 이런 현상이. . ? 아니면 폰 설정이 잘못.?,174
toss,1,첫 화면이 이개 뭐지? 뭔가 많이 어색하고 불편하고~ 또 불편하네??? 토스가 생긴지 꽤 됐을텐데.... 참 답답한것같음,2,첫 화면이 이개 뭐지? 뭔가 많이 어색하고 불편하고~ 또 불편하네?? 토스가 생긴지 꽤 됐을텐데.. 참 답답한것같음,64
toss,2,"몇달전부터 계속 고양이, 포인트 등이 광고만 무한재생 되고 보상은 안주네요? 언제 고쳐주실건가요 ?",2,"몇달전부터 계속 고양이, 포인트 등이 광고만 무한재생 되고 보상은 안주네요? 언제 고쳐주실건가요 ?",55
kakaopay,1,"[포인트 모을때 광고 봐야되는 극혐 앱] 일단 과금은 좋은데.. 스팀이나 게임결제 할때 보너스 없음[그럴거면 포인트는 왜 만듬?], 광고 같음 엄청 김[5초 짜리는 어디가고 엄청길어, 그리고 성인앱좀 버려라...그리고 스킵 오토 넣어라], 렉이 심함[광고 터치 할때 광고앱 들어가면서 로딩이 길어짐..], 아이콘이 너무 많음 [눈 아프다 줄이자^^], 광고가 많은지 성인앱도 있음[아니 청소년도 보는데 왜 성인용앱? 좀 거르자... 신고좀 하고... 돈좀 받지말고 관리좀 해라] 성인광고 없애셈[아직도 있네..], 광고 ㅇ끝내놓고.. 플레이스토어 들어가는거.. 극혐[ 좀 작작해라, 성인광고 받지마라[사기인거 굳이 알면서 애들 보는데 대놓고 넣지좀마라 돈궁한건 알겠는데 사기꾼앱이다. 생각좀해라]",2,"포인트 모을때 광고 봐야되는 극혐 앱 일단 과금은 좋은데.. 스팀이나 게임결제 할때 보너스 없음 그럴거면 포인트는 왜 만듬? , 광고 같음 엄청 김 5초 짜리는 어디가고 엄청길어, 그리고 성인앱좀 버려라..그리고 스킵 오토 넣어라 , 렉이 심함 광고 터치 할때 광고앱 들어가면서 로딩이 길어짐.. , 아이콘이 너무 많음 눈 아프다 줄이자 , 광고가 많은지 성인앱도 있음 아니 청소년도 보는데 왜 성인용앱? 좀 거르자.. 신고좀 하고.. 돈좀 받지말고 관리좀 해라 성인광고 없애셈 아직도 있네.. , 광고 ㅇ끝내놓고.. 플레이스토어 들어가는거.. 극혐 좀 작작해라, 성인광고 받지마라 사기인거 굳이 알면서 애들 보는데 대놓고 넣지좀마라 돈궁한건 알겠는데 사기꾼앱이다. 생각좀해라",378
kakaopay,5,카카오페이 멋져요,0,카카오페이 멋져요,9
kakaopay,2,네트워크 오류 진짜 짜증난다 덕분에 안해도 되는 라우터 점검 싹 다 했네 그래도 계속 뜨는거 보면 이상한 앱임,3,네트워크 오류 진짜 짜증난다 덕분에 안해도 되는 라우터 점검 싹 다 했네 그래도 계속 뜨는거 보면 이상한 앱임,61
kakaopay,3,"""증권-발견""탭에서 상단 부분에 코스피, 코스닥, 나스닥 등 주요 지수 부분 좌우로 스와이핑할 때 매끄럽게 안 움직여서 불편합니다. 화면을 위에서 아래로 내리면 새로고침 되는 기능 때문에 간섭이 일어나는거 같아요. 수정 좀 해주세요",2,"증권 발견 탭에서 상단 부분에 코스피, 코스닥, 나스닥 등 주요 지수 부분 좌우로 스와이핑할 때 매끄럽게 안 움직여서 불편합니다. 화면을 위에서 아래로 내리면 새로고침 되는 기능 때문에 간섭이 일어나는거 같아요. 수정 좀 해주세요",128
kbbank,1,이정도로 본인인증 중에 초기화 자주 되는 앱은 처음임 회원가입에만 7번은 시도한 거 같음,2,이정도로 본인인증 중에 초기화 자주 되는 앱은 처음임 회원가입에만 7번은 시도한 거 같음,49
toss,4,교통카드도 되고 좋긴한데 가끔씩 유효하지 않다면서 충전이 안될때가 있어요..그리고 예전에 제 친구가 토스한테 생일선물이라고 10만원을 받았다는데 뭐죠 그래도 쓸만합니다!,1,교통카드도 되고 좋긴한데 가끔씩 유효하지 않다면서 충전이 안될때가 있어요..그리고 예전에 제 친구가 토스한테 생일선물이라고 10만원을 받았다는데 뭐죠 그래도 쓸만합니다!,94
kakaopay,5,미국주식 데이.프리.정규.에프터 시장 시간을 아래에 표기좀 해주세요. 지금이야 익숙한데 초보들은 몇시부터 몇시까지 장이 열리는지 인터넷에서 찾아봐먀는 불편함이 있네요,2,미국주식 데이.프리.정규.에프터 시장 시간을 아래에 표기좀 해주세요. 지금이야 익숙한데 초보들은 몇시부터 몇시까지 장이 열리는지 인터넷에서 찾아봐먀는 불편함이 있네요,92
toss,3,무료송금 굿입니다 무료상식 좋아요 오직 토스만의 기능입니다,0,무료송금 굿입니다 무료상식 좋아요 오직 토스만의 기능입니다,32
kbbank,5,이용편함,0,이용편함,4
toss,1,하얀화면에서 넘어가질 않음 왜이래?,1,하얀화면에서 넘어가질 않음 왜이래?,19
toss,1,채팅상담사 연결 대기하려면 이화면어서 24분을 대기하라는데 이게맞나요? 나가서 대기하게 해줘야죠 장난하는건가요?,2,채팅상담사 연결 대기하려면 이화면어서 24분을 대기하라는데 이게맞나요? 나가서 대기하게 해줘야죠 장난하는건가요?,62
toss,1,포인트받는거 거지처럼 해놓음 상품과 가격이같은가 ㅡ 아니오 상품 사진과 정답사진이같은가 ㅡ 아니오 정답넣으면 제대로인증 되는가ㅡ아니오 이래놓고 토스 쓰라고 ㅋㅋㅋ 저런거 하나못하면서 뭐 믿고 페이스 등록하고 돈 넣어서 보관함?? 시간이 아까움,2,포인트받는거 거지처럼 해놓음 상품과 가격이같은가 ㅡ 아니오 상품 사진과 정답사진이같은가 ㅡ 아니오 정답넣으면 제대로인증 되는가ㅡ아니오 이래놓고 토스 쓰라고 ㅋㅋㅋ 저런거 하나못하면서 뭐 믿고 페이스 등록하고 돈 넣어서 보관함?? 시간이 아까움,135
kbbank,4,"같은 계좌로 다건이체시, 예금주명을 각각 다르게 보내는데도(같은계좌에 다른예금주명으로 여러번 송금) 이체확인증 확인하면 동일하게 이름만 기록이 됩니다",1,"같은 계좌로 다건이체시, 예금주명을 각각 다르게 보내는데도 같은계좌에 다른예금주명으로 여러번 송금 이체확인증 확인하면 동일하게 이름만 기록이 됩니다",82
kbbank,1,자꾸튕겨나가져요 인증할 수가없어요,2,자꾸튕겨나가져요 인증할 수가없어요,18
kbbank,2,이번에도 매일걷기 업데이트하면서 걸음 수 측정이 안되네요.. 삼성헬스 어플 연동해서 권헌허용해도안돼고....ㅠ,2,이번에도 매일걷기 업데이트하면서 걸음 수 측정이 안되네요.. 삼성헬스 어플 연동해서 권헌허용해도안돼고..ㅠ,59
kbbank,5,너무너무 편안해요,0,너무너무 편안해요,9
toss,3,1. 만보기 복권을 긁으면 결과가 안뜨고 하얀화면만 나오고 뒤로가기하면 복권개수는 그대로 있음(계속 반복됨) 2. 돌려받기 에서는 내역 더보기 들어가서 하면 돌려받기 안됨 3. 고객센터 상담(채팅/전화)도 일시적인 오류라고 뜨고 연결안됨 ㅋㅋㅋ,2,1. 만보기 복권을 긁으면 결과가 안뜨고 하얀화면만 나오고 뒤로가기하면 복권개수는 그대로 있음 계속 반복됨 2. 돌려받기 에서는 내역 더보기 들어가서 하면 돌려받기 안됨 3. 고객센터 상담 채팅 전화 도 일시적인 오류라고 뜨고 연결안됨 ㅋㅋㅋ,135
toss,1,토스 다 좋은데 고양이 키우기 광고나올때 무음으로 좀 해주세요 음악듣다가 고양이 키우기하려면 음악이 자꾸 정지돼서 불편해요,2,토스 다 좋은데 고양이 키우기 광고나올때 무음으로 좀 해주세요 음악듣다가 고양이 키우기하려면 음악이 자꾸 정지돼서 불편해요,68
kakaopay,5,쓰기 편하고 자주 써요.,0,쓰기 편하고 자주 써요.,13
toss,1,넘 불편해요,2,넘 불편해요,6
kakaopay,3,아오그냥 너무불편해요. 불필요한 내용좀 줄이고 카카오뱅크랑 뭘 결합하던가 해줬으면 좋겠어요. 둘이 뭔 호환도 잘 안되고 예적금은 카뱅 페이나 증권은 페이앱으로 들어와야 되는게 너무 융통성 없어보여요 불필요한 광고줄이고 카뱅이랑 통합해서 쓰기쉽게 인터페이스 만들면 5점짜리인데,2,아오그냥 너무불편해요. 불필요한 내용좀 줄이고 카카오뱅크랑 뭘 결합하던가 해줬으면 좋겠어요. 둘이 뭔 호환도 잘 안되고 예적금은 카뱅 페이나 증권은 페이앱으로 들어와야 되는게 너무 융통성 없어보여요 불필요한 광고줄이고 카뱅이랑 통합해서 쓰기쉽게 인터페이스 만들면 5점짜리인데,153
toss,5,지원금 확인하여 보여 주세요,1,지원금 확인하여 보여 주세요,15
toss,2,페이스설정하기 좀 없애주면 안되나요? 불편해서 앱사용하기 나쁩니다...,2,페이스설정하기 좀 없애주면 안되나요? 불편해서 앱사용하기 나쁩니다..,38
kbbank,5,Good,0,Good,4
toss,3,"버그. 걸음 알림을 허용했으나, 돌아와보면 다시 꺼져있고 계속 무한으로 물어봄",2,"버그. 걸음 알림을 허용했으나, 돌아와보면 다시 꺼져있고 계속 무한으로 물어봄",43
kakaopay,1,받지도않은증권대출 표기 좀치위요,2,받지도않은증권대출 표기 좀치위요,17
toss,2,왜 자꾸 로그아웃이 지 맘데로 되는지.. 앱테크는 장난 수준.. 이런거는 안하니만 못합니다,2,왜 자꾸 로그아웃이 지 맘데로 되는지.. 앱테크는 장난 수준.. 이런거는 안하니만 못합니다,50
kbbank,5,따봉이에요,0,따봉이에요,5
toss,3,증권 내 계좌보기에서 잔고 변동폭을 나타내는 그래프가 있으면 좋겠어요. 변동 모습을 한 눈에 파악 가능하면 더 편리할거 같아요.,2,증권 내 계좌보기에서 잔고 변동폭을 나타내는 그래프가 있으면 좋겠어요. 변동 모습을 한 눈에 파악 가능하면 더 편리할거 같아요.,71
kbbank,5,국민은행 언제나 든든합니다.,0,국민은행 언제나 든든합니다.,15
kbbank,5,상담이 깔끔해요,0,상담이 깔끔해요,8
kbbank,5,만족스럽습니다,0,만족스럽습니다,7
kakaopay,1,아니 내 결제내역 보려면 도대체 어디로 가야되냐? 카톡도 그렇더니 아주 UX 말아먹었네,2,아니 내 결제내역 보려면 도대체 어디로 가야되냐? 카톡도 그렇더니 아주 UX 말아먹었네,48
kakaopay,2,광고가 안꺼져요,1,광고가 안꺼져요,8
kbbank,5,쉽고 편리,0,쉽고 편리,5
kakaopay,1,개구데기 결제하면 돈나가고 결제안돼서 페이로 돈 돌아가고 무한반복,3,개구데기 결제하면 돈나가고 결제안돼서 페이로 돈 돌아가고 무한반복,36
toss,1,"1. 만보걷기 : 전에는 바로 다음 복권을 열 수 있었는데 패치 후 ""보너스 복권이 1장 더 있어요"" 이러면서 적금팔이 하는데 계속 뒤로가기했다 다시 복권열기 누르기 매우 귀찮게 바뀜 2. 함께 토스켜기 : 주변에 아무도 없는데 근처 사람 있다고 알림뜨는게 한두번이 아님",2,1. 만보걷기 전에는 바로 다음 복권을 열 수 있었는데 패치 후 보너스 복권이 1장 더 있어요 이러면서 적금팔이 하는데 계속 뒤로가기했다 다시 복권열기 누르기 매우 귀찮게 바뀜 2. 함께 토스켜기 주변에 아무도 없는데 근처 사람 있다고 알림뜨는게 한두번이 아님,145
kakaopay,1,제가 노안 때문에 잘 안보여서 페이 증권을 피씨에서 보려고 하니 페이 증권은 피씨 웹 버전도 없는거 같은데.... 녹스 앱에서 실행을 하려고 해도 되질 않네요.... 오직 스마트 폰에서만 되는건가요 ? 아님 피씨에서도 페이 증권을 할수가 있나요... 사용법은 쉬워서 페이 증권을 이용을 합니다만... 피씨에서 못하면 안보여서 ... 증권사를 옮겨야 할것 같네요... 방법이 있다면 알려주세요,2,제가 노안 때문에 잘 안보여서 페이 증권을 피씨에서 보려고 하니 페이 증권은 피씨 웹 버전도 없는거 같은데.. 녹스 앱에서 실행을 하려고 해도 되질 않네요.. 오직 스마트 폰에서만 되는건가요 ? 아님 피씨에서도 페이 증권을 할수가 있나요.. 사용법은 쉬워서 페이 증권을 이용을 합니다만.. 피씨에서 못하면 안보여서 .. 증권사를 옮겨야 할것 같네요.. 방법이 있다면 알려주세요,210
kbbank,4,사용자 편리성을 더 높여주시고 잘 사용하고 있어요.,0,사용자 편리성을 더 높여주시고 잘 사용하고 있어요.,28
kakaopay,4,아 이거 꽤나 오래쓰고있는데 얼마전부터 앱이 계속 다운되고 느림 아휴,2,아 이거 꽤나 오래쓰고있는데 얼마전부터 앱이 계속 다운되고 느림 아휴,38
toss,1,"최근 업댓후 증권쪽 금액 등 글자 폰트 크기가 커져서, 기존에 한 화면에 보이던 내용이 좌우로 스크롤해야 보입니다 증권 탭 / 자세히 보기 버튼 누르면, 기존에 보이던 내용이 폰트가 커져서 좌우스크롤 해야 보이게 되었어요 좀 불편하게 개선된 것 같은데요!!",1,"최근 업댓후 증권쪽 금액 등 글자 폰트 크기가 커져서, 기존에 한 화면에 보이던 내용이 좌우로 스크롤해야 보입니다 증권 탭 자세히 보기 버튼 누르면, 기존에 보이던 내용이 폰트가 커져서 좌우스크롤 해야 보이게 되었어요 좀 불편하게 개선된 것 같은데요!!",141
kbbank,1,어머니핸폰 설치해 드리는데 민증사진이 예전 사진이라(검은머리) 안면인식(현재 흰머리)이 안되는데 다른 인증으로 설치하는 방법 없나요?,2,어머니핸폰 설치해 드리는데 민증사진이 예전 사진이라 검은머리 안면인식 현재 흰머리 이 안되는데 다른 인증으로 설치하는 방법 없나요?,73
toss,3,워치에서 어플이 설치됬으면 좋겠어요. 만보기 핸드폰을 들고 다녀야 측정이 되서 불편하네요. 삼성헬스랑 걸음수가 다르게 나오는게 이상하네요.,2,워치에서 어플이 설치됬으면 좋겠어요. 만보기 핸드폰을 들고 다녀야 측정이 되서 불편하네요. 삼성헬스랑 걸음수가 다르게 나오는게 이상하네요.,77
kakaopay,1,동영상 자동 재생 안해놨는 데도 포인트 퀘스트 페이지 들어가는 건 엄청 안뜨면서 동영상 광고는 자동 재생시키길래 별점 남기러 옴,2,동영상 자동 재생 안해놨는 데도 포인트 퀘스트 페이지 들어가는 건 엄청 안뜨면서 동영상 광고는 자동 재생시키길래 별점 남기러 옴,71
kakaopay,1,어플 내 여기저기 납치 광고 지긋지긋해서 정 떨어진다,3,어플 내 여기저기 납치 광고 지긋지긋해서 정 떨어진다,29
kakaopay,1,별 드르븐 어플 다보겠네 탈퇴도 내맘대로 못하게하네,3,별 드르븐 어플 다보겠네 탈퇴도 내맘대로 못하게하네,28
toss,1,"전에는 토스 쇼핑에서 토스쇼핑구경하거 포인트 하루에 12번 받는 거랑, 고양이 키우기 10번씩 구경하고 장난감이랑 사료 받는 이벤트에서, 계속 토스 5천원쿠폰 구매해서 쓰라고 이벤트 미션 완료할 때마다 총 거의 하루 40번 넘게 팝업에 띄워 강매하더니, 하다하다 시간과 체력을 소모하는 만보기 복권 1개씩 긁을 때마다 페이스페이 하고 2천원 쿠폰 받으라고 띄워 화면 가리고 페이스페이 등록해서 쿠폰받을 때까지 계속 복권 긁을 때마다 집요하게 띄우면서 괴롭히고, 이거 권리행사 방해, 강매, 다크마케팅이나 다름 없죠? 어차피 고객센터 문의해도 담당부서 전달해서 개선 요청하겠다고만 할테고 개선은 안 될게 뻔하니, 증거수집해서 일단 국민신문고랑 금융감독원에 고발조치해야할 거 같네요. 게다가 페이스페이는 얼굴 생체 인증이라 민감정보이며 민감정보 강제 수집 금지인데, 직접 강제는 아니더라도 안하면 불편하게 설계해놓은 거 자체가 동의를 강제하는 거라 개인정보 보호위원회 고발 조치도 고려하고 있어요.",3,"전에는 토스 쇼핑에서 토스쇼핑구경하거 포인트 하루에 12번 받는 거랑, 고양이 키우기 10번씩 구경하고 장난감이랑 사료 받는 이벤트에서, 계속 토스 5천원쿠폰 구매해서 쓰라고 이벤트 미션 완료할 때마다 총 거의 하루 40번 넘게 팝업에 띄워 강매하더니, 하다하다 시간과 체력을 소모하는 만보기 복권 1개씩 긁을 때마다 페이스페이 하고 2천원 쿠폰 받으라고 띄워 화면 가리고 페이스페이 등록해서 쿠폰받을 때까지 계속 복권 긁을 때마다 집요하게 띄우면서 괴롭히고, 이거 권리행사 방해, 강매, 다크마케팅이나 다름 없죠? 어차피 고객센터 문의해도 담당부서 전달해서 개선 요청하겠다고만 할테고 개선은 안 될게 뻔하니, 증거수집해서 일단 국민신문고랑 금융감독원에 고발조치해야할 거 같네요. 게다가 페이스페이는 얼굴 생체 인증이라 민감정보이며 민감정보 강제 수집 금지인데, 직접 강제는 아니더라도 안하면 불편하게 설계해놓은 거 자체가 동의를 강제하는 거라 개인정보 보호위원회 고발 조치도 고려하고 있어요.",500
toss,5,포인트가사라진다구요 만포인트넘으면 사라지더니 클로버 모으기에서클로버 다모았더니 2천포인트받고 만포인트넝게 있던거 사라졌어요 현재 두번째 이시갓에 보니.클로버 모은 포인트2천포인트도 사라졌네요 ㅎㆍㅎ수정좀해주세요,2,포인트가사라진다구요 만포인트넘으면 사라지더니 클로버 모으기에서클로버 다모았더니 2천포인트받고 만포인트넝게 있던거 사라졌어요 현재 두번째 이시갓에 보니.클로버 모은 포인트2천포인트도 사라졌네요 ㅎ ㅎ수정좀해주세요,117
toss,4,아니 나도 만보기 100일 찍고 싶은데 한 14일만 넘어가면 자꾸 2일차로 만듦,2,아니 나도 만보기 100일 찍고 싶은데 한 14일만 넘어가면 자꾸 2일차로 만듦,44
kbbank,4,편하게 쉽게 간단하게 예금예치했어요,0,편하게 쉽게 간단하게 예금예치했어요,19
toss,1,토스증권에서 출금하려는데 신분증 촬영 요구해서 내돈도 못쓰게 하네 군인인데 촬영을 어떻게 함,2,토스증권에서 출금하려는데 신분증 촬영 요구해서 내돈도 못쓰게 하네 군인인데 촬영을 어떻게 함,51
toss,1,토스 쇼핑탭이 스크롤이 멈췄어요 어떻게하죠,1,토스 쇼핑탭이 스크롤이 멈췄어요 어떻게하죠,23
kbbank,5,쉽게 온라인 뱅킹으로 입금할 수 있어 좋아요^^,0,쉽게 온라인 뱅킹으로 입금할 수 있어 좋아요,24
kakaopay,1,허구헌날 버퍼링. 그로인한 손해는 오직 사용자의 몫. 수수료도 비쌈,2,허구헌날 버퍼링. 그로인한 손해는 오직 사용자의 몫. 수수료도 비쌈,37
toss,1,금융정보 끌어오기 싫은데 강제로 끌어오기 해놓아서 불쾌합니다. 대충 다른거 연결아무거나 했는데. 지금까지 잘사용하다 날벼락 맞은 기분이네요.,2,금융정보 끌어오기 싫은데 강제로 끌어오기 해놓아서 불쾌합니다. 대충 다른거 연결아무거나 했는데. 지금까지 잘사용하다 날벼락 맞은 기분이네요.,78
kakaopay,1,출석체크하라길래 눌렀더니 광고링크로연결됨 이렇게돈벌이하는건가 ㅋㅋㅋㅋㅋ궁한가보구나 다음이네이버에밀려서벼랑끝으로 뜰어졌구나 ㅎㅎㅎ,2,출석체크하라길래 눌렀더니 광고링크로연결됨 이렇게돈벌이하는건가 ㅋㅋㅋㅋㅋ궁한가보구나 다음이네이버에밀려서벼랑끝으로 뜰어졌구나 ㅎㅎㅎ,71
toss,1,환급금있데서 신청하면서 수수료는 떼먹자마자 오류뜨는건 나만그런건가? 장난하나 내돈내놔..고객센터 하루죙일 전화연결도안되고말야.. 그깟 수수료 있어도살고 없어도사는데 그딴식으로 운영하지마라,3,환급금있데서 신청하면서 수수료는 떼먹자마자 오류뜨는건 나만그런건가? 장난하나 내돈내놔..고객센터 하루죙일 전화연결도안되고말야.. 그깟 수수료 있어도살고 없어도사는데 그딴식으로 운영하지마라,104
kbbank,5,만족해요,0,만족해요,4
kbbank,4,간편하게 은행업무 처리하고 쉽게 가입및해지 자동이체등 사용하기편해요,0,간편하게 은행업무 처리하고 쉽게 가입및해지 자동이체등 사용하기편해요,37
toss,5,너무너무 나에게 딱 맞는 앱입니다!😍😍😍,0,너무너무 나에게 딱 맞는 앱입니다!,19
toss,5,너무 편리해요,0,너무 편리해요,7
kakaopay,1,"진짜 똑같은 증권 뉴스, 커뮤니티 알림을 몇번을 보내는 겁니까 한 번만 보내면 되지 그리고 주식 체결 알림은 왜 이렇게 늦게 보내나요? 10분 이상 차이 납니다",2,"진짜 똑같은 증권 뉴스, 커뮤니티 알림을 몇번을 보내는 겁니까 한 번만 보내면 되지 그리고 주식 체결 알림은 왜 이렇게 늦게 보내나요? 10분 이상 차이 납니다",89
kakaopay,3,뭐만하면 입금은행 엄무 종료임;;;,1,뭐만하면 입금은행 엄무 종료임,16
toss,2,진짜.. 새로고침이 너무 느려요..,2,진짜.. 새로고침이 너무 느려요..,19
kbbank,1,개인인터넷뱅킹 qr로그인 안되네요. qr찍으면 FF브라우저에서 무조건 GooglePlay 화면으로 랜딩합니다.,2,개인인터넷뱅킹 qr로그인 안되네요. qr찍으면 FF브라우저에서 무조건 GooglePlay 화면으로 랜딩합니다.,61
kakaopay,1,만보기사용은 이게 만보걷고 보너스포인트를 받는건지 광고보고 받으라는건지 만보기포인트라는 이름이 어이없네요 다른 앱테크 어풀보다도 광고를 더많이 보게 하면서 만보라는 제목을 왜 끼워 넣는건지 이게 페이어플 맞아요? 광고로 수익올리는 앱테크어플 아닌가?,3,만보기사용은 이게 만보걷고 보너스포인트를 받는건지 광고보고 받으라는건지 만보기포인트라는 이름이 어이없네요 다른 앱테크 어풀보다도 광고를 더많이 보게 하면서 만보라는 제목을 왜 끼워 넣는건지 이게 페이어플 맞아요? 광고로 수익올리는 앱테크어플 아닌가?,139
toss,1,하려면 똑바로 하세요.포인트 준다고 미션 이것저것 해야주면서 외부 사이트 연결 시켜놓고 돌아오면 팅겨서 다시 로그인하게하고 외부가서 다시 복사하기하고 오면 또 팅겨있고 또 로그인하고 다시 복사기하고 몇번을 왔다갔다 시킵니까?,2,하려면 똑바로 하세요.포인트 준다고 미션 이것저것 해야주면서 외부 사이트 연결 시켜놓고 돌아오면 팅겨서 다시 로그인하게하고 외부가서 다시 복사하기하고 오면 또 팅겨있고 또 로그인하고 다시 복사기하고 몇번을 왔다갔다 시킵니까?,125
toss,5,"다 좋은데, 어제 재설치 한 이후로 위젯이 말썽이네요. 주식 수익, 종목, 지수 위젯해둔거 새로고침을 누르면 로그인 다시 하라는 안내창이 나오네뇨",2,"다 좋은데, 어제 재설치 한 이후로 위젯이 말썽이네요. 주식 수익, 종목, 지수 위젯해둔거 새로고침을 누르면 로그인 다시 하라는 안내창이 나오네뇨",81
toss,3,앱이 느려지거나 자주 버벅거리는데 어떻게 해야됩니까? 방법 올려주세요,1,앱이 느려지거나 자주 버벅거리는데 어떻게 해야됩니까? 방법 올려주세요,38
kbbank,5,사용하기 편리함,0,사용하기 편리함,8
kakaopay,1,만보기포인트너무 짜네요 만보에10포인트주삼,2,만보기포인트너무 짜네요 만보에10포인트주삼,23
kbbank,4,간편하고 자녀인증시 최고,0,간편하고 자녀인증시 최고,13
toss,1,페이스 찝찝하다는 분들 댓글은 무시하고 계속 등록하라고 뜨네요 불편하게 느끼는사람에게 이렇게 까지 계속 여기저기서 뜨면 어찌하라는겁니까,2,페이스 찝찝하다는 분들 댓글은 무시하고 계속 등록하라고 뜨네요 불편하게 느끼는사람에게 이렇게 까지 계속 여기저기서 뜨면 어찌하라는겁니까,75
kbbank,5,우와! 편해요 굿,0,우와! 편해요 굿,9
kbbank,5,앱에 있는 상품은 영업점방문 때와동일하게상품이 있으면 함.,1,앱에 있는 상품은 영업점방문 때와동일하게상품이 있으면 함.,32
toss,1,광고도 점점 길어지고 앱테크로써 이젠 메리트 없음. 복권도 무슨 5년동안 했는데 고작 8등 당첨된게 최고야.. 근데 그것도 얼탱이 없는데 복권할려고 광고 볼때마다 무슨 깔으라는 창이 계속뜨고 포인트도 쥐꼬리만큼 주고 할 가치가 없다.,3,광고도 점점 길어지고 앱테크로써 이젠 메리트 없음. 복권도 무슨 5년동안 했는데 고작 8등 당첨된게 최고야.. 근데 그것도 얼탱이 없는데 복권할려고 광고 볼때마다 무슨 깔으라는 창이 계속뜨고 포인트도 쥐꼬리만큼 주고 할 가치가 없다.,130
kakaopay,1,업데이트 이후 증권계좌 전환이 먹통이네요. 또한 UI 변경 이후 매수/매도 전환이 제대로 작동하지 않네요.,2,업데이트 이후 증권계좌 전환이 먹통이네요. 또한 UI 변경 이후 매수 매도 전환이 제대로 작동하지 않네요.,59
kakaopay,1,업데이트 해야 사용 가능하대서 업데이트했는데 너무 불편해졌어요ㅠ 페이머니를 제일 많이 쓰는데 어디 숨어있어서 찾기가 힘듦,2,업데이트 해야 사용 가능하대서 업데이트했는데 너무 불편해졌어요ㅠ 페이머니를 제일 많이 쓰는데 어디 숨어있어서 찾기가 힘듦,67
toss,1,인증했는데 또 인증하래 몇번째냐?왜?정보팔아먹으려고?해도해도 너무하네 벌레만도못한것아,2,인증했는데 또 인증하래 몇번째냐?왜?정보팔아먹으려고?해도해도 너무하네 벌레만도못한것아,47
kakaopay,2,주식 몰리면 접속안됨 제발 서버좀 늘립시다,2,주식 몰리면 접속안됨 제발 서버좀 늘립시다,23
kbbank,5,쉽고 편리해서 좋아요,0,쉽고 편리해서 좋아요,11
kakaopay,1,알람 건 바이 건 해제 가능하게 만든 악성 어플 삶의 질응 떨어트림,2,알람 건 바이 건 해제 가능하게 만든 악성 어플 삶의 질응 떨어트림,37
kakaopay,1,벌써 7번째 재설치 렉이 걸리면 쓸수있겠냐고요,2,벌써 7번째 재설치 렉이 걸리면 쓸수있겠냐고요,25
toss,1,"연속 송금하면 거의 ‘광고 자판기’ 느낌입니다. 송금 직후 예고도 없이 전체 화면 광고로 넘어가는데, 핵심 기능을 쓰다가 갑자기 ‘광고의 방’으로 끌려가는 느낌입니다. 선택지도 없고, 닫기 버튼도 작아서 오탭이 자주 발생합니다. 의도적인지는 모르겠지만, 사용자가 잘못 누르게 되는 구조처럼 느껴집니다. 이게 반복되면서 피로도가 크게 쌓이고, 결국 다른 앱을 고민하게 됩니다.",3,"연속 송금하면 거의 광고 자판기 느낌입니다. 송금 직후 예고도 없이 전체 화면 광고로 넘어가는데, 핵심 기능을 쓰다가 갑자기 광고의 방 으로 끌려가는 느낌입니다. 선택지도 없고, 닫기 버튼도 작아서 오탭이 자주 발생합니다. 의도적인지는 모르겠지만, 사용자가 잘못 누르게 되는 구조처럼 느껴집니다. 이게 반복되면서 피로도가 크게 쌓이고, 결국 다른 앱을 고민하게 됩니다.",206
kakaopay,2,근데 실시간까진 바라지 읺는데 주식 현재가가 바뀌질 않는건 무엇일까요?,1,근데 실시간까진 바라지 읺는데 주식 현재가가 바뀌질 않는건 무엇일까요?,39
kakaopay,5,이번 업데이트로 좀 더 증권앱스러워졌다는 생각이 듭니다. 유저들 피드백도 잘 받아주시는 것 같고 새로운 ui에 익숙하지 않아서 처음엔 조금 불편할 수 있는데 적응하고 나면 다른 증권앱들보다 훨씬 편하게 거래할 수 있을 것 같네요. 수고 많으셨습니다. 감사합니다.,0,이번 업데이트로 좀 더 증권앱스러워졌다는 생각이 듭니다. 유저들 피드백도 잘 받아주시는 것 같고 새로운 ui에 익숙하지 않아서 처음엔 조금 불편할 수 있는데 적응하고 나면 다른 증권앱들보다 훨씬 편하게 거래할 수 있을 것 같네요. 수고 많으셨습니다. 감사합니다.,146
kakaopay,1,충전 누르면 편의점에서 충전하기도 보여주든가 개불편하게 없뎃해놨네,2,충전 누르면 편의점에서 충전하기도 보여주든가 개불편하게 없뎃해놨네,36
toss,1,"곧 보증서는 것도 친구의 금융 실적에 따라 보상을 받으실 수 있어요! 친구와 우정 테스트하기, 공유하고 1회 더 돌리기 이런걸로 은근슬쩍 사기칠듯. 사용자에게 유해한 부분은 작게 약관 동의로 안내되어있고 ㅇㅇ 빡쳐서 앱삭할듯. 무슨 uxui 선두주자야 이게 그냥 다크패턴 사기꾼이지.",3,"곧 보증서는 것도 친구의 금융 실적에 따라 보상을 받으실 수 있어요! 친구와 우정 테스트하기, 공유하고 1회 더 돌리기 이런걸로 은근슬쩍 사기칠듯. 사용자에게 유해한 부분은 작게 약관 동의로 안내되어있고 ㅇㅇ 빡쳐서 앱삭할듯. 무슨 uxui 선두주자야 이게 그냥 다크패턴 사기꾼이지.",158
kbbank,5,편리합니다,0,편리합니다,5
toss,1,업데이트 이후 토스앱 내에 터치 오류가 심해요 한번으로 반응이 없어서 두번 눌러야 하는데 심할땐 3번씩 눌러야 하네요,2,업데이트 이후 토스앱 내에 터치 오류가 심해요 한번으로 반응이 없어서 두번 눌러야 하는데 심할땐 3번씩 눌러야 하네요,65
kbbank,5,사용 안내가 잘 되어있어서 혼자서도 잘 할 수 있네요.,0,사용 안내가 잘 되어있어서 혼자서도 잘 할 수 있네요.,30
toss,1,만보기 적용되는 수치에 스마트워치도 좀 포함 해주세요.,1,만보기 적용되는 수치에 스마트워치도 좀 포함 해주세요.,30
kbbank,5,장기 미사용으로 재 방문했는데 편리하게 사용할수있었음,0,장기 미사용으로 재 방문했는데 편리하게 사용할수있었음,29
kakaopay,2,앱이 너무 느리고 에러가 많아요. 지금 계속 껏다키는데 안에 주식 부분은 터치가 안되서 아무것도 못하는 중입니다.,2,앱이 너무 느리고 에러가 많아요. 지금 계속 껏다키는데 안에 주식 부분은 터치가 안되서 아무것도 못하는 중입니다.,63
kakaopay,3,업데이트 후 종목에서 즐겨찾기 누르면 창이 안뜸,1,업데이트 후 종목에서 즐겨찾기 누르면 창이 안뜸,26
toss,1,토스에 함께토스켜기 누르면 화면이 자꾸 반짝거려요 그러다 안뜰때도있고요 업데이트 해야하나요 ?,1,토스에 함께토스켜기 누르면 화면이 자꾸 반짝거려요 그러다 안뜰때도있고요 업데이트 해야하나요 ?,52
toss,1,자동로그인 설정 된 이후 로그아웃 버튼을 찾을 수 없어 어쩔 수 없이 지웠다가 다시 설치합니다. 무슨 뱅킹 앱이 로그아웃 버튼도 없어 지웠다가 다시 깔게하나요? (내용추가: 다시 설치해도 본인 인증하면 자동으로 설정되네요? 확인 되지 않은 내용을 알려주시는건 뭐하자는건가요?),2,자동로그인 설정 된 이후 로그아웃 버튼을 찾을 수 없어 어쩔 수 없이 지웠다가 다시 설치합니다. 무슨 뱅킹 앱이 로그아웃 버튼도 없어 지웠다가 다시 깔게하나요? 내용추가 다시 설치해도 본인 인증하면 자동으로 설정되네요? 확인 되지 않은 내용을 알려주시는건 뭐하자는건가요?,151
kakaopay,1,너무하네요,2,너무하네요,5
kakaopay,1,카카오페이 증권 고객센터 있긴함? 연락 드럽게 안되네,2,카카오페이 증권 고객센터 있긴함? 연락 드럽게 안되네,29
toss,1,"라방 보기, 각종 미니앱들 쓸 때 렉이 너무 심하게 걸립니다 지웠다 다시 깔고 공간 정리도 하고 캐시 삭제도 다 해봤는데 나아지는 게 없네요 폰 문제는 아닌 게 토스 말고 다른 앱들은 전혀 안 그럽니다. 광고 보는 것도 짜증나는데 계속 화면 멈추고 터치 동작 느리게 먹는 거 진짜 속 터져 죽음",2,"라방 보기, 각종 미니앱들 쓸 때 렉이 너무 심하게 걸립니다 지웠다 다시 깔고 공간 정리도 하고 캐시 삭제도 다 해봤는데 나아지는 게 없네요 폰 문제는 아닌 게 토스 말고 다른 앱들은 전혀 안 그럽니다. 광고 보는 것도 짜증나는데 계속 화면 멈추고 터치 동작 느리게 먹는 거 진짜 속 터져 죽음",164
kbbank,1,왜 알림서비스를 안키면 처음에 앱이 실행되지 않게 해놓은거에요? 알림 기능 필요 없어서 끄니까 아예 실행이 안됩니다,2,왜 알림서비스를 안키면 처음에 앱이 실행되지 않게 해놓은거에요? 알림 기능 필요 없어서 끄니까 아예 실행이 안됩니다,64
toss,2,앱이 가면갈수록 무거워지네요 앱끼리 충돌도 많고... 21년인가 22년인가부터 사용하면서 미션도 좋고 지금까지도 꾸준히 하는데 시간이 갈수록 렉이 심해서..평점 별이 하나씩 줄어서 2개 됐네요 아마 별 한개로 바뀔때되면 탈퇴하지 않을까 싶을 정도에요,3,앱이 가면갈수록 무거워지네요 앱끼리 충돌도 많고.. 21년인가 22년인가부터 사용하면서 미션도 좋고 지금까지도 꾸준히 하는데 시간이 갈수록 렉이 심해서..평점 별이 하나씩 줄어서 2개 됐네요 아마 별 한개로 바뀔때되면 탈퇴하지 않을까 싶을 정도에요,138
kakaopay,3,증권 호가주문에 내 수익률 퍼센트나오면 좋겠네요 폰으로밖에 못하니까 일반주문들어가서 퍼센트보고팔려고하면 주문 늦어져서 3틱4틱밀릴때가있어서요,2,증권 호가주문에 내 수익률 퍼센트나오면 좋겠네요 폰으로밖에 못하니까 일반주문들어가서 퍼센트보고팔려고하면 주문 늦어져서 3틱4틱밀릴때가있어서요,78
kakaopay,1,카카오페이 모바일 교통카드 사용하고있는데 들어가서 금액 뜨지도 않아요 k패스 교통카드 쓰고 있는데 적립되지도 않고요 보상해주시나요?걍 너무 짜증나네요,2,카카오페이 모바일 교통카드 사용하고있는데 들어가서 금액 뜨지도 않아요 k패스 교통카드 쓰고 있는데 적립되지도 않고요 보상해주시나요?걍 너무 짜증나네요,83
kakaopay,1,내자산연결하기 버튼누르고 완료되도 계속안되요 인증완료만 몇번째인지..무슨오류인가요,1,내자산연결하기 버튼누르고 완료되도 계속안되요 인증완료만 몇번째인지..무슨오류인가요,45
toss,1,토스인컴 지난번에 수수료내고 환급금받기로해서 6월1일에 들어온다는데 뭔 또 환급금 신청하고 수수료를 띄어가려고 하는건가? 그만 좀 했으면 좋겠네,2,토스인컴 지난번에 수수료내고 환급금받기로해서 6월1일에 들어온다는데 뭔 또 환급금 신청하고 수수료를 띄어가려고 하는건가? 그만 좀 했으면 좋겠네,80
kakaopay,1,서버 관리 쓰레기 탑,2,서버 관리 쓰레기 탑,11
kbbank,5,아주편리해요 서비스좋어요 괜찮은어플같아요 자주쓰고잇어요,0,아주편리해요 서비스좋어요 괜찮은어플같아요 자주쓰고잇어요,30
kbbank,5,너무너무 편합니다,0,너무너무 편합니다,9
kbbank,5,적금 가입위해 처음 인증서 내려 받으려니 조금 두려웠는데 생각보다 쉽게 잘 가압할 수 있었어요.,0,적금 가입위해 처음 인증서 내려 받으려니 조금 두려웠는데 생각보다 쉽게 잘 가압할 수 있었어요.,53
toss,1,도대체 세금 환급알림 신청을 몇번이나 보낼겁니까? 처음에 환급할려다 돈내야 한다길래 뒤로가기 눌렀는데 그 후로 하루가 멀다하고 환급 받을 수 있는 돈이 있다고 알림이 옵니다. 이건 광고성 정보로 처리되지 않는건지 광고성 정보 알림 싹다 해제해놨는데도 이래요. 해도해도 좀 너무 합니다 적당히좀 하세요,2,도대체 세금 환급알림 신청을 몇번이나 보낼겁니까? 처음에 환급할려다 돈내야 한다길래 뒤로가기 눌렀는데 그 후로 하루가 멀다하고 환급 받을 수 있는 돈이 있다고 알림이 옵니다. 이건 광고성 정보로 처리되지 않는건지 광고성 정보 알림 싹다 해제해놨는데도 이래요. 해도해도 좀 너무 합니다 적당히좀 하세요,167
toss,1,"수많은 앱 사용하고 있는데 리뷰 처음 써봄 세금환금액 얼마라고 떠서 신청하면서 수수료 먼저 결재했더니 환급 실패라고 안내 메세지 뜸 돌려받을 수 있다고 허지말고 가능성이 ㅆ다고 하던지 실패할 수 있다고 하던지, 왜 실패 했는지 확인도 안되고 결재 취소도 안되고 고객센터 연락안되고 토스고객센터에 연락했더니 같은회사 아니라고 하고 나라는 이런걸 허가해서 국민들 등골 빼먹게 하고 완전 사기꾼임",3,"수많은 앱 사용하고 있는데 리뷰 처음 써봄 세금환금액 얼마라고 떠서 신청하면서 수수료 먼저 결재했더니 환급 실패라고 안내 메세지 뜸 돌려받을 수 있다고 허지말고 가능성이 ㅆ다고 하던지 실패할 수 있다고 하던지, 왜 실패 했는지 확인도 안되고 결재 취소도 안되고 고객센터 연락안되고 토스고객센터에 연락했더니 같은회사 아니라고 하고 나라는 이런걸 허가해서 국민들 등골 빼먹게 하고 완전 사기꾼임",218
kbbank,1,복잡한듰했지만신뢰가생겼읍니다고맙습니다,1,복잡한듰했지만신뢰가생겼읍니다고맙습니다,20
kakaopay,1,왜 지산관리 서비스 해지할려는데 원활한 이용이 안된다면서 해결못하게 하냐,2,왜 지산관리 서비스 해지할려는데 원활한 이용이 안된다면서 해결못하게 하냐,40
toss,1,"요즘들어 오류가 많아짐. 이젠 복권도 결과가 안 나와서 나갔다가 다시 긁어보는데, 광고가 또 나옴. 일부러 광고 많이 보게 하려고 오류나게 만든 거 아닌가 싶을 정도로 광고는 오류 없고 포인트 주는 창만 오류남 ㅋㅋㅋ",2,"요즘들어 오류가 많아짐. 이젠 복권도 결과가 안 나와서 나갔다가 다시 긁어보는데, 광고가 또 나옴. 일부러 광고 많이 보게 하려고 오류나게 만든 거 아닌가 싶을 정도로 광고는 오류 없고 포인트 주는 창만 오류남 ㅋㅋㅋ",121
kbbank,4,잘되요,0,잘되요,3
kakaopay,1,잔고 채우기가 재대로 않되요 토스에서 보충하려고 하면 계속 멍때리고 있어요,2,잔고 채우기가 재대로 않되요 토스에서 보충하려고 하면 계속 멍때리고 있어요,41
toss,5,토스앱은 가로 지원이 안되나요? 휴대폰을 가로로 볼때 다른앱은 다 자동회전 되는데 토스만 세로로 나와요.,2,토스앱은 가로 지원이 안되나요? 휴대폰을 가로로 볼때 다른앱은 다 자동회전 되는데 토스만 세로로 나와요.,58
toss,1,광고가 너무 많아지고 무거워졌어요. 처음엔 참 좋았는데 요새 점점 갈아타고 싶은 마음,3,광고가 너무 많아지고 무거워졌어요. 처음엔 참 좋았는데 요새 점점 갈아타고 싶은 마음,47
kakaopay,1,며칠전부터 왜 글씨가 화질 저하 되는것처럼 깨지죠 ? 지글지글 거려서 보기가 불편해요 갤럭시 s24 입니다,1,며칠전부터 왜 글씨가 화질 저하 되는것처럼 깨지죠 ? 지글지글 거려서 보기가 불편해요 갤럭시 s24 입니다,59
kakaopay,1,업데이트 했는데도 증권 안들어가짐,2,업데이트 했는데도 증권 안들어가짐,18
toss,3,"일주일전부터 휴대폰 베터리 관련 기능에서 토스어플 백그라운드 베터리 사용량이 많다고 경고 문구가 뜨면서 초절전 상태로 전환하라고 문구가 뜨고, 토스어플 사용시 애니메이션 효과가 현저히 느린 현상이 발생하고 있는데 무슨이유인지 모르겠네요... 제 휴대폰기종은 갤럭시 폴드7 입니다.",1,"일주일전부터 휴대폰 베터리 관련 기능에서 토스어플 백그라운드 베터리 사용량이 많다고 경고 문구가 뜨면서 초절전 상태로 전환하라고 문구가 뜨고, 토스어플 사용시 애니메이션 효과가 현저히 느린 현상이 발생하고 있는데 무슨이유인지 모르겠네요.. 제 휴대폰기종은 갤럭시 폴드7 입니다.",155
kbbank,5,매달 정보 감사합니다,0,매달 정보 감사합니다,11
toss,1,요즘 광고만 보게하고 포인트 왜 안주는 경우가 있죠?? 업데이트 문제인가하고 업데이트했더니 제 포인트가 사라져있는데요..?? 포인트 모으는 재미로 열심히했었는데 내가 열심히 광고보고 모은 포인트를 내맘대로 쓰지도 못하게하질않나 점점 포인트가 짜고 미션이 너무 많아져 힘드네요,2,요즘 광고만 보게하고 포인트 왜 안주는 경우가 있죠?? 업데이트 문제인가하고 업데이트했더니 제 포인트가 사라져있는데요..?? 포인트 모으는 재미로 열심히했었는데 내가 열심히 광고보고 모은 포인트를 내맘대로 쓰지도 못하게하질않나 점점 포인트가 짜고 미션이 너무 많아져 힘드네요,153
kakaopay,1,상담사연결안됨. 신분증 인식도 안되어서 출금막힘요...,2,상담사연결안됨. 신분증 인식도 안되어서 출금막힘요..,29
kakaopay,1,앱을 열리지 않아서 삭제하고 다시 열어요 왜 페이가 열리지 않죠,2,앱을 열리지 않아서 삭제하고 다시 열어요 왜 페이가 열리지 않죠,35
kakaopay,3,만보기 만보걷고 아무리 걸음수 측정하기 해도 미션하고 포인트받기 활성화가 안되네요 활성화 좀 제대로 되게 해주세요,2,만보기 만보걷고 아무리 걸음수 측정하기 해도 미션하고 포인트받기 활성화가 안되네요 활성화 좀 제대로 되게 해주세요,63
kbbank,5,빠르게 처리할 수 있도록 웹서비스가 되어 너무 좄아요~~,0,빠르게 처리할 수 있도록 웹서비스가 되어 너무 좄아요~~,31
toss,1,아니 삼촌의 권유로 시작했는데 저희 삼촌은 다 과자나 선물을 받지만 저만 뭔 이상한 포인트 1개에서 3게 만 받네요 그레서 삼촌한태 물어보니깐 토스회사에 전화 문이를 하라고 네요 그레서 이 글을 달아봄니다,1,아니 삼촌의 권유로 시작했는데 저희 삼촌은 다 과자나 선물을 받지만 저만 뭔 이상한 포인트 1개에서 3게 만 받네요 그레서 삼촌한태 물어보니깐 토스회사에 전화 문이를 하라고 네요 그레서 이 글을 달아봄니다,114
kakaopay,2,조잡해서 쓸때마다 짜증 유발함,1,조잡해서 쓸때마다 짜증 유발함,16
kbbank,5,편리했습니다,0,편리했습니다,6
kakaopay,1,"카카오페이 탈퇴합니다, 정말이지 얼굴인식 몇일동안 시도 했는데도 인식안돼고 이게 뭡니까? 그래놓고 인증하라고 재촉하는 메세지만 오니 짜증나네요...인증이 제대로 작동돼야 사용하지 이건뭐...대체 고칠 생각은 있으신지 궁금합니다...아무튼 그동안 잘썼습니다",3,"카카오페이 탈퇴합니다, 정말이지 얼굴인식 몇일동안 시도 했는데도 인식안돼고 이게 뭡니까? 그래놓고 인증하라고 재촉하는 메세지만 오니 짜증나네요..인증이 제대로 작동돼야 사용하지 이건뭐..대체 고칠 생각은 있으신지 궁금합니다..아무튼 그동안 잘썼습니다",139
kbbank,5,너무편리해요,0,너무편리해요,6
kbbank,5,좋아요가겹구,0,좋아요가겹구,6
kakaopay,1,"잦은 오류;; 주식 좀 팔려면 맨날 오류임 병,,",2,"잦은 오류 주식 좀 팔려면 맨날 오류임 병,,",25
toss,5,최고,0,최고,2
toss,2,어플이 너무 산만함; 접근성이 너무 별로여서 팝업에 납치당해서 실수로 들어왔다가도 질색하고 나가게 됨. 토스 자체엔 딱히 유감 없는데 어플은 좀 개선되면 좋겠음.,2,어플이 너무 산만함 접근성이 너무 별로여서 팝업에 납치당해서 실수로 들어왔다가도 질색하고 나가게 됨. 토스 자체엔 딱히 유감 없는데 어플은 좀 개선되면 좋겠음.,89
kakaopay,1,불편해서 못쓰겠다,3,불편해서 못쓰겠다,9
kakaopay,1,요즘 계속 결제하기 외에는 렉 걸려서 아무것도 할 수가 없어요...제거하고 다시 설치해야 해소되는데 이게 계속 반복되네요...,2,요즘 계속 결제하기 외에는 렉 걸려서 아무것도 할 수가 없어요..제거하고 다시 설치해야 해소되는데 이게 계속 반복되네요..,68
kakaopay,1,갤럭시노트9인데 기계랑호환돼지않는다는데 정상적인거인가요?,1,갤럭시노트9인데 기계랑호환돼지않는다는데 정상적인거인가요?,31
kakaopay,1,쓰레기폐급 토스보고 배워라,3,쓰레기폐급 토스보고 배워라,14
kbbank,5,보안이. 완벽해요,0,보안이. 완벽해요,9
kakaopay,1,"토스로 갈아탄다. 해킹 피해 면책용으로 정기 인증 구조는 만들어 놓고 정작 서비스 설계의 기본인 인증 만료 관리 프로세스는 통째로 빠져 있다. 재인증 시기 도래 알림, 만료 전 사전 재인증 유도, 인증 만료로 인한 앱 연속 사용 차단 방지, 앱 내 대체 인증 채널 설계까지 전 과정이 비어 있다. 단순 계좌 조회 앱도 아니고 증권 거래까지 붙어 있는 금융 플랫폼이 인증 만료 한 번으로 서비스가 막히는 구조라니 설계 수준이 처참하다. 금융 서비스에서 인증은 재사용 빈도가 가장 높은 핵심 프로세스인데, 실물 신분증 촬영 말고는 대체 수단 하나 안 만들어 둔 것도 이해안된다. 카카오 계열사 개발자 들어가기 어렵다느니 하는 얘기 많이 들었는데 이 정도 결과물이면 개발 문제가 아니라 인사 관리부터 다시 봐야 하는 수준이다. 이런 기본적인 사용자 플로우도 설계 못 하는 조직이면 채용 기준이 뭔지 궁금해질 정도다.",3,"토스로 갈아탄다. 해킹 피해 면책용으로 정기 인증 구조는 만들어 놓고 정작 서비스 설계의 기본인 인증 만료 관리 프로세스는 통째로 빠져 있다. 재인증 시기 도래 알림, 만료 전 사전 재인증 유도, 인증 만료로 인한 앱 연속 사용 차단 방지, 앱 내 대체 인증 채널 설계까지 전 과정이 비어 있다. 단순 계좌 조회 앱도 아니고 증권 거래까지 붙어 있는 금융 플랫폼이 인증 만료 한 번으로 서비스가 막히는 구조라니 설계 수준이 처참하다. 금융 서비스에서 인증은 재사용 빈도가 가장 높은 핵심 프로세스인데, 실물 신분증 촬영 말고는 대체 수단 하나 안 만들어 둔 것도 이해안된다. 카카오 계열사 개발자 들어가기 어렵다느니 하는 얘기 많이 들었는데 이 정도 결과물이면 개발 문제가 아니라 인사 관리부터 다시 봐야 하는 수준이다. 이런 기본적인 사용자 플로우도 설계 못 하는 조직이면 채용 기준이 뭔지 궁금해질 정도다.",453
toss,1,"초반 핵심적 금융 기능에서 잡다하게 뭐가 많아진다 싶더니 광고가 미친듯이 많아지다가 이젠 심지어 ""물뽕"" 광고가 나오네요? 미친건가?",2,초반 핵심적 금융 기능에서 잡다하게 뭐가 많아진다 싶더니 광고가 미친듯이 많아지다가 이젠 심지어 물뽕 광고가 나오네요? 미친건가?,72
kbbank,5,좋아,0,좋아,2
kbbank,5,굳이 은행을 안가도 이것저것 할수 있어요,0,굳이 은행을 안가도 이것저것 할수 있어요,22
toss,1,내돈 내가 이체하겄다고 하는데...지들이 뭔데..신분증을 두번이나 확인하고 개인정보를 확인하냐...드럽게,2,내돈 내가 이체하겄다고 하는데..지들이 뭔데..신분증을 두번이나 확인하고 개인정보를 확인하냐..드럽게,56
kbbank,5,사용하기편리합니디ㅏ,0,사용하기편리합니디ㅏ,10
toss,1,태블릿 모드좀,1,태블릿 모드좀,7
kakaopay,5,갤럭시 s8 지원좀 해주세요,1,갤럭시 s8 지원좀 해주세요,15
kbbank,5,매우만족,0,매우만족,4
kbbank,5,보안 확실하고 좋아요,0,보안 확실하고 좋아요,11
kakaopay,1,저기요 계속 카카오페이증권 서버터지는데 손실 어떻게 보성하실거에요?,2,저기요 계속 카카오페이증권 서버터지는데 손실 어떻게 보성하실거에요?,37
toss,1,최악의 앱. 서비스 최악임. cs 실컷 설명하니 자기일 아니라고 다른곳 링크만 보냄. 절대 안씁니다.,3,최악의 앱. 서비스 최악임. cs 실컷 설명하니 자기일 아니라고 다른곳 링크만 보냄. 절대 안씁니다.,56
toss,1,이게 대체 은행 앱인지 광고 앱인지.. 원. 깔끔하고 편리한 케이뱅크로 갑니다.,3,이게 대체 은행 앱인지 광고 앱인지.. 원. 깔끔하고 편리한 케이뱅크로 갑니다.,44
kbbank,5,복잡하지 않아 좋습니다,0,복잡하지 않아 좋습니다,12
kakaopay,5,툭하면 잘되던거 하나씩 먹통...,2,툭하면 잘되던거 하나씩 먹통..,17
toss,1,세브라스시스템 들어가봐요. 안열림 메인쓰레드에서 뭐이리 잡아먹음? 결국 튕기는데 안정성 너무없는거아님?,2,세브라스시스템 들어가봐요. 안열림 메인쓰레드에서 뭐이리 잡아먹음? 결국 튕기는데 안정성 너무없는거아님?,57
kbbank,5,쉽고 빨라요,0,쉽고 빨라요,6
toss,5,다른 건 다 좋은데 토스관련 교통카트 알림이 계속 뜨는 것이 불편합니다,2,다른 건 다 좋은데 토스관련 교통카트 알림이 계속 뜨는 것이 불편합니다,39
toss,1,주식 가격보는데 로딩되는것좀고쳐라,2,주식 가격보는데 로딩되는것좀고쳐라,18
kbbank,1,"5월 17일부터 입출금 알림이 안옵니다. 앱 알림설정, 앱 내부 입출금 알림설정 이상없는걸 확인했습니다. 어제 까지만해도 잘왔는데 혹시 저만 그런걸까요?,,,",2,"5월 17일부터 입출금 알림이 안옵니다. 앱 알림설정, 앱 내부 입출금 알림설정 이상없는걸 확인했습니다. 어제 까지만해도 잘왔는데 혹시 저만 그런걸까요?,,",87
toss,5,최고다,0,최고다,3
kbbank,5,편하게 생각하고,0,편하게 생각하고,8
kbbank,5,편리하고 간단해서 좋았어요,0,편리하고 간단해서 좋았어요,14
toss,5,토스 3초 구경 언제까지 미션 점검 중인건지... 어제부터 오늘까지 고칠 생각이 없나보네,2,토스 3초 구경 언제까지 미션 점검 중인건지.. 어제부터 오늘까지 고칠 생각이 없나보네,48
kakaopay,1,광고에 마약관련 광고가 나오는데 검열이안되나요? 방송에서도 관련 광고에 문제가 나왔던것 같은데 이런광고를 사용하는 곳들도 문제가 있다고 생각됩니다.,2,광고에 마약관련 광고가 나오는데 검열이안되나요? 방송에서도 관련 광고에 문제가 나왔던것 같은데 이런광고를 사용하는 곳들도 문제가 있다고 생각됩니다.,82
toss,1,"계좌 바로 밑에 광고는좀 자제 부탁 드립니다. 기능을 쓰고 싶은데 광고도배를 하면, 이게 대체 뭔가요?",2,"계좌 바로 밑에 광고는좀 자제 부탁 드립니다. 기능을 쓰고 싶은데 광고도배를 하면, 이게 대체 뭔가요?",57
kakaopay,1,K패스 충전하려니까 로딩이 먹통이네요 열받아요,2,K패스 충전하려니까 로딩이 먹통이네요 열받아요,25
kbbank,1,잘되던 앱이 5월1일부터 응답코드 AP011 캐시쿠키삭제해도 다른그어떤 메뉴를 눌러도 에러메세지가나며 눌러지지가 않아요 빨리 수정좀 해주세요,2,잘되던 앱이 5월1일부터 응답코드 AP011 캐시쿠키삭제해도 다른그어떤 메뉴를 눌러도 에러메세지가나며 눌러지지가 않아요 빨리 수정좀 해주세요,78
toss,1,토스쇼핑. 내가 주문한 물품 메뉴 찾기가 왜이리 힘든가?,1,토스쇼핑. 내가 주문한 물품 메뉴 찾기가 왜이리 힘든가?,31
kbbank,5,"좋아요,",0,"좋아요,",4
toss,1,어떻게 은행앱이 이체가 요청이 많아서 안될수 있죠?은행 기본적인 기능도 못한다는건데~ 요청이 많더라도 처리할수 있어야되는게 맞지않을까요? 26년 5월12일 오전 10시30분부터 안됨,2,어떻게 은행앱이 이체가 요청이 많아서 안될수 있죠?은행 기본적인 기능도 못한다는건데~ 요청이 많더라도 처리할수 있어야되는게 맞지않을까요? 26년 5월12일 오전 10시30분부터 안됨,101
toss,1,주말내내 함께 토스 켜기 꼭 광고 2번씩 봐야 클릭 가능함... 한 두 번이야 그럴 수 있다지맘 주말 내내 이러니 짜증나네요. 주말마다 오류가 잦은 거 같아요.,2,주말내내 함께 토스 켜기 꼭 광고 2번씩 봐야 클릭 가능함.. 한 두 번이야 그럴 수 있다지맘 주말 내내 이러니 짜증나네요. 주말마다 오류가 잦은 거 같아요.,88
toss,1,"아니 저번에 국세청 앱으로 환급신청 완료 했는데 왜자꾸 환급신청 하라고 졸라대노. 것도 내 돈 돌려받는다는데, 수수료를 만원씩이나 뜯어가네. 양심 어딨냐",2,"아니 저번에 국세청 앱으로 환급신청 완료 했는데 왜자꾸 환급신청 하라고 졸라대노. 것도 내 돈 돌려받는다는데, 수수료를 만원씩이나 뜯어가네. 양심 어딨냐",85
kakaopay,1,지금 카페 시작화면에서 로딩만 계속 걸리고 어제부터 안 들어가져요 저 주식 투자해놨는데 확인이 안되는데... 큰 잃으면 큰일,1,지금 카페 시작화면에서 로딩만 계속 걸리고 어제부터 안 들어가져요 저 주식 투자해놨는데 확인이 안되는데.. 큰 잃으면 큰일,68
kakaopay,1,생각없이 가입한 계정이랑 옛날에 쓰던번호때문에 내가 몇년째 계정을 못찾고 있어요,1,생각없이 가입한 계정이랑 옛날에 쓰던번호때문에 내가 몇년째 계정을 못찾고 있어요,44
kakaopay,1,저는 카카오페이앱이 처음이라서...한번 해봤는데 휴대폰 인증까지 잘됐지만 신분증 인증을 찍어서 눌렀는데 계속 안돼요...빨리 고쳐주세요,1,저는 카카오페이앱이 처음이라서..한번 해봤는데 휴대폰 인증까지 잘됐지만 신분증 인증을 찍어서 눌렀는데 계속 안돼요..빨리 고쳐주세요,73
kbbank,4,굿굿굿 간편하고 좋아요!!,0,굿굿굿 간편하고 좋아요!!,14
kbbank,5,일단 써보시면 알게됩니다,0,일단 써보시면 알게됩니다,13
kbbank,2,지난달까지는 멀쩡하다가 갑자기 OTP 비밀번호 입력하라는건 왜그런거죠 ? 갑자기 너무 일방적인것 같네요. 출장와서 이체하려는데 갑자기 뭔 상황인지 ...,2,지난달까지는 멀쩡하다가 갑자기 OTP 비밀번호 입력하라는건 왜그런거죠 ? 갑자기 너무 일방적인것 같네요. 출장와서 이체하려는데 갑자기 뭔 상황인지 ..,84
toss,1,이체/결제 알람 빼고 다 끌 수 있게 알람 설정 좀 바꾸세요. 아무리 알림설정 들어가서 다른것들을 꺼버려도 주기적으로 이름만 다른 똑같은 컨텐츠들 만들어와서 알림띄우고 난리임. 결제/이체도 아닌 광고성 알림이 4~5개씩 울리는게 말이되나요,2,이체 결제 알람 빼고 다 끌 수 있게 알람 설정 좀 바꾸세요. 아무리 알림설정 들어가서 다른것들을 꺼버려도 주기적으로 이름만 다른 똑같은 컨텐츠들 만들어와서 알림띄우고 난리임. 결제 이체도 아닌 광고성 알림이 4~5개씩 울리는게 말이되나요,133
kbbank,5,쓰기편해요 다만 종합금융이 한번에 안보여요,0,쓰기편해요 다만 종합금융이 한번에 안보여요,23
kbbank,5,good,0,good,4
toss,3,내역 업데이트 너무 느려짐,2,내역 업데이트 너무 느려짐,14
kakaopay,1,혜택 탭에서 알 수 없는 오류 창이 뜨면서 흰 화면에서 안 넘어갑니다. 너무 자주 그러는데 조치 좀 취해주세요.,1,혜택 탭에서 알 수 없는 오류 창이 뜨면서 흰 화면에서 안 넘어갑니다. 너무 자주 그러는데 조치 좀 취해주세요.,62
toss,1,180만원일때 이자 70원씩 주더니만 190만 되니까 64로 줌 왜 돈 더 넣었는데 이자는 더 적게 주는거임???,1,180만원일때 이자 70원씩 주더니만 190만 되니까 64로 줌 왜 돈 더 넣었는데 이자는 더 적게 주는거임??,62
kakaopay,4,"삼성페이 위젯 크기 좀 키워주시고, 위젯 스택도 가능하게 부탁드립니다. 작아서 무슨 카드인지 구분도 불가하고, 들어가서 카드를 바꿔야해서 불편합니다.",2,"삼성페이 위젯 크기 좀 키워주시고, 위젯 스택도 가능하게 부탁드립니다. 작아서 무슨 카드인지 구분도 불가하고, 들어가서 카드를 바꿔야해서 불편합니다.",83
toss,3,아니 토스 돼지저금통 이벤트 47일차까지 꾸준히 모아놨는데 어느순간부터 저금통 이벤트가 안떠서 끝났구나 싶었는데 왜 오늘 다시 1일차로 초기화 되는거임?,2,아니 토스 돼지저금통 이벤트 47일차까지 꾸준히 모아놨는데 어느순간부터 저금통 이벤트가 안떠서 끝났구나 싶었는데 왜 오늘 다시 1일차로 초기화 되는거임?,85
kbbank,4,너무 오래걸리네요,0,너무 오래걸리네요,9
toss,5,너무 느려요 아예 안들어가집니다. 정말 편하게 쓰고 있었는데 특히 새벽시간대에 뭐 확인할려고 치면 아예 안들어가져요 캐시 삭제니 뭐니 다 해도 안들어가집니다.,2,너무 느려요 아예 안들어가집니다. 정말 편하게 쓰고 있었는데 특히 새벽시간대에 뭐 확인할려고 치면 아예 안들어가져요 캐시 삭제니 뭐니 다 해도 안들어가집니다.,88
toss,1,토스 증권에서 주식 매도하고 영업일 기준 이틀 후 출금하려니 출금 안됨..오류 원인을 안가르쳐주고 고객센터 문의 하래.. 연락은 x나 안받음. 중요한거래에 매도금도 못 써서 환장함..이런 뭐같은 쓰레기앱,3,토스 증권에서 주식 매도하고 영업일 기준 이틀 후 출금하려니 출금 안됨..오류 원인을 안가르쳐주고 고객센터 문의 하래.. 연락은 x나 안받음. 중요한거래에 매도금도 못 써서 환장함..이런 뭐같은 쓰레기앱,113
toss,1,아니 토스 왜 가끔가다 교통카드 충전이 안되는건가요?이것때문에 놓친 지하철이 한두번이아니네 버그좀 고치셈,2,아니 토스 왜 가끔가다 교통카드 충전이 안되는건가요?이것때문에 놓친 지하철이 한두번이아니네 버그좀 고치셈,58
kakaopay,1,카카오 송금 요청하기 기능이 1/N 요청하기와 헷갈려요,1,카카오 송금 요청하기 기능이 1 N 요청하기와 헷갈려요,30
kbbank,1,아이폰17프로 맥스로 신분증 촬영 할때 촬영화면이 90도로 꺾여서 나오네요.. 신분증 돌려가며 어거지로 맞춰도 촬영이 안되고 다른 은행앱은 촬영화면도 안돌아가고 잘 되거든요 확인좀 부탁드려요,2,아이폰17프로 맥스로 신분증 촬영 할때 촬영화면이 90도로 꺾여서 나오네요.. 신분증 돌려가며 어거지로 맞춰도 촬영이 안되고 다른 은행앱은 촬영화면도 안돌아가고 잘 되거든요 확인좀 부탁드려요,106
kakaopay,4,어제부터 하던미션들이 사라진듯하네요 포인트쌓기제법 된다 싶었는데ᆢ 빠른길찾기이런거 없어졌네요?,2,어제부터 하던미션들이 사라진듯하네요 포인트쌓기제법 된다 싶었는데 빠른길찾기이런거 없어졌네요?,51
kbbank,5,사용이정확하서싶게할수 있네요,0,사용이정확하서싶게할수 있네요,15
toss,1,고양이 키우고 간식 받기 서비스의 사료랑 랜덤 상자 받으려고 해도 안 받아집니다. 5초짜리 광고 다 봤는데도 사료받기가 안 되고 랜덤상자가 안 열립니다. 이런 적이 한 두번이 아니에요... 신속히 문제 해결 부탁드립니다.,2,고양이 키우고 간식 받기 서비스의 사료랑 랜덤 상자 받으려고 해도 안 받아집니다. 5초짜리 광고 다 봤는데도 사료받기가 안 되고 랜덤상자가 안 열립니다. 이런 적이 한 두번이 아니에요.. 신속히 문제 해결 부탁드립니다.,122
toss,1,아니 라방 시간마다 3분도 안되서 다 포인트혜택 마감이면 하라는건지 말라는건지 3분도 안되서 이러는건 너무 하지 않나요?방송 10개 넘어가면 광클해도 다 보기 빡세요 직접 해보세오 되나.진짜 점점 짜치네,2,아니 라방 시간마다 3분도 안되서 다 포인트혜택 마감이면 하라는건지 말라는건지 3분도 안되서 이러는건 너무 하지 않나요?방송 10개 넘어가면 광클해도 다 보기 빡세요 직접 해보세오 되나.진짜 점점 짜치네,113
kbbank,5,유용해서 좋아요,0,유용해서 좋아요,8
kbbank,5,번거롭기는하지만 안전한것같아서 좋아요,0,번거롭기는하지만 안전한것같아서 좋아요,20
toss,1,모든 이벤트가 페이스페이 설정 유도임 왜 이렇게 내 얼굴정보를 못 뜯어내서 난리인지;; 토스 이벤트는 이제 페이스페이 아니면 볼 것도 없네요,2,모든 이벤트가 페이스페이 설정 유도임 왜 이렇게 내 얼굴정보를 못 뜯어내서 난리인지 토스 이벤트는 이제 페이스페이 아니면 볼 것도 없네요,76
toss,1,"이벤트 참여 겸 하루에 매장 2곳을 갔는데 결제에 실패했습니다. 일부러 지도에 있는 곳으로 갔는데 결제가 되지도 않고, 가게 사장님도 다른 분들도 결제를 못 했다고 하더군요. 그러면 일부러 페이스페이 매장을 찾아가는 의미가 없습니다. 그리고 고객센터에 문의하니 쿠폰 사용이 되지 않아 결제한 건에 대해서 보상 방안이 마련되지도 않았습니다. 결국 기기 및 서버 환경만 운운하면서 핑계만 늘어놓더군요. 더 이상 제 정보를 토스에 남기고 싶지 않네요. 토스 증권, 은행, 카드 탈퇴합니다.",2,"이벤트 참여 겸 하루에 매장 2곳을 갔는데 결제에 실패했습니다. 일부러 지도에 있는 곳으로 갔는데 결제가 되지도 않고, 가게 사장님도 다른 분들도 결제를 못 했다고 하더군요. 그러면 일부러 페이스페이 매장을 찾아가는 의미가 없습니다. 그리고 고객센터에 문의하니 쿠폰 사용이 되지 않아 결제한 건에 대해서 보상 방안이 마련되지도 않았습니다. 결국 기기 및 서버 환경만 운운하면서 핑계만 늘어놓더군요. 더 이상 제 정보를 토스에 남기고 싶지 않네요. 토스 증권, 은행, 카드 탈퇴합니다.",270
toss,4,카드실적 위젯을 만들어주세요!! 카드실적에 따라서 카드를 골라서 쓸 수 있도록!!!,1,카드실적 위젯을 만들어주세요!! 카드실적에 따라서 카드를 골라서 쓸 수 있도록!!,45
kakaopay,1,카카오페이클릭하면 출석체크가안되는데 어제까지되었는데 오늘왜안되는지? 업데이트도했는데? 이해안됨,2,카카오페이클릭하면 출석체크가안되는데 어제까지되었는데 오늘왜안되는지? 업데이트도했는데? 이해안됨,52
toss,1,일또바로안하세요 세금 낼 의무 있는나라에서 대한민국 왜빼나요 아후 진짜 또바로 일하세요 주식 사는데 개인정보 안물어봐쓰면좋게네요,2,일또바로안하세요 세금 낼 의무 있는나라에서 대한민국 왜빼나요 아후 진짜 또바로 일하세요 주식 사는데 개인정보 안물어봐쓰면좋게네요,71
toss,1,고유피해지원금 사용처가 미리나와있는것도 확대할때랑 확대안하고 찍힌거라 표시가 애매해요.안뜨는부분도 있어요. 고유피헤지원금사용되는곳 매장 직접검색으로도 있었으면좋겠어요.,1,고유피해지원금 사용처가 미리나와있는것도 확대할때랑 확대안하고 찍힌거라 표시가 애매해요.안뜨는부분도 있어요. 고유피헤지원금사용되는곳 매장 직접검색으로도 있었으면좋겠어요.,93
kakaopay,1,"댓글에 이 글 있는데 내 마음이랑 똑같아서 복사 붙여넣기 합니다 연결상태 좋지 않음 뭐야??? 진짜...짜증...트래픽이 올릴때 제대로 동작하지 않음 (이미 커뮤에서 한참 전부터 제기된 문제였으나 반복됨, 작년 추석에도 난리였음, 막상 당하니 최악, 주식 거래 타이밍을 놓쳐 발생한 손해는 고스란히 본인 몫 장초반/특히 연휴 직후는 미리 서버 증설해서 대비 필요해 보임)",2,"댓글에 이 글 있는데 내 마음이랑 똑같아서 복사 붙여넣기 합니다 연결상태 좋지 않음 뭐야?? 진짜..짜증..트래픽이 올릴때 제대로 동작하지 않음 이미 커뮤에서 한참 전부터 제기된 문제였으나 반복됨, 작년 추석에도 난리였음, 막상 당하니 최악, 주식 거래 타이밍을 놓쳐 발생한 손해는 고스란히 본인 몫 장초반 특히 연휴 직후는 미리 서버 증설해서 대비 필요해 보임",202
toss,1,별루임,1,별루임,3
toss,4,조아요,0,조아요,3
kakaopay,1,하.. 위로올리지말고 아래로 버튼 내려주세요 빠른대처자체가안되자나여ㅡㅡㅅ,2,하.. 위로올리지말고 아래로 버튼 내려주세요 빠른대처자체가안되자나여ㅡㅡㅅ,40
toss,1,이제는 어플 자체가 토스인지 광고인지 모를 정도네요 광고로 돈을 엄청 땡기려고 하나 그리고 페이스페이는 엄청 강요하다시피하고,2,이제는 어플 자체가 토스인지 광고인지 모를 정도네요 광고로 돈을 엄청 땡기려고 하나 그리고 페이스페이는 엄청 강요하다시피하고,69
kakaopay,3,카카오페이증권 쓰고 있는데 아쉬운점은 각 주식별로 보유비중을 알수 없다는거에요. 개선 좀 부탁 드려요. 토스나 다른 증권앱들은 다 되는데 토스 많이 벤치마킹 하는것 같던데 보유비중 표시 해주세요.,1,카카오페이증권 쓰고 있는데 아쉬운점은 각 주식별로 보유비중을 알수 없다는거에요. 개선 좀 부탁 드려요. 토스나 다른 증권앱들은 다 되는데 토스 많이 벤치마킹 하는것 같던데 보유비중 표시 해주세요.,109
kakaopay,5,카카오 페이만 이용하다가 카카오 증권을 같이쓰게 되었는데 왔다갔다 정신없어 어지러움 카카오 페이와 카카오 증권간 인터페이스 하는건 좋은데 분리가 필요하다고 생각 합니다 하나은행이 있고 하나 증권이 있듯이 카카오 증권을 별도 앱으로 사용하는게 좋다고 생각합니다,1,카카오 페이만 이용하다가 카카오 증권을 같이쓰게 되었는데 왔다갔다 정신없어 어지러움 카카오 페이와 카카오 증권간 인터페이스 하는건 좋은데 분리가 필요하다고 생각 합니다 하나은행이 있고 하나 증권이 있듯이 카카오 증권을 별도 앱으로 사용하는게 좋다고 생각합니다,144
kbbank,5,시도해보니 쉬운걸 그동안 망설였어요.,0,시도해보니 쉬운걸 그동안 망설였어요.,20
toss,1,할 말이 너무 많은데 하나하나 열거하기 귀찮으니 그냥 1점 드세요,2,할 말이 너무 많은데 하나하나 열거하기 귀찮으니 그냥 1점 드세요,36
kakaopay,1,무능한것들아 구현 못하면 배포를 늦추던 긴급수정을 하든 해야될거아냐 분수에 안맞는 개발 어휴,3,무능한것들아 구현 못하면 배포를 늦추던 긴급수정을 하든 해야될거아냐 분수에 안맞는 개발 어휴,51
kakaopay,5,"증권앱 보기쉽게 너무 잘 사용하고 있습니다 다만, 몇가지 건의사항이 있습니다 1. 주식항목중 숨기기 기능이 있었으면 좋겠습니다 마이너스가 큰 주식항목을 보고싶지 않아서 언제든지 숨기고 해제할 수 있는 기능이 있으면 좋을것 같습니다. 2. +인 항목과 -인 항목을 따로 구분해서 볼 수 있는 카테고리도 추가되면 좋겠습니다",0,"증권앱 보기쉽게 너무 잘 사용하고 있습니다 다만, 몇가지 건의사항이 있습니다 1. 주식항목중 숨기기 기능이 있었으면 좋겠습니다 마이너스가 큰 주식항목을 보고싶지 않아서 언제든지 숨기고 해제할 수 있는 기능이 있으면 좋을것 같습니다. 2. 인 항목과 인 항목을 따로 구분해서 볼 수 있는 카테고리도 추가되면 좋겠습니다",176
kakaopay,3,토스를 주로 사용하는데 먼가 많이 발전해서 별 두개 더 주로 왔네여. 1점보다 발전한 느낌..,1,토스를 주로 사용하는데 먼가 많이 발전해서 별 두개 더 주로 왔네여. 1점보다 발전한 느낌..,52
toss,1,광고 그리고 또 광고 지우고 조금 있음 광고 예전에 심플하고 깔끔했던 토스는 이제 안녕,2,광고 그리고 또 광고 지우고 조금 있음 광고 예전에 심플하고 깔끔했던 토스는 이제 안녕,48
kakaopay,4,"현재 갤럭시 최신모델들(s26시리즈)에서 간혈적 연결안됨이 지속되고 있습니다. 통신사 모델은 모르겠는데, 자급제 모델들에서는 확실하게 일어납니다. 버그 같은데 빠른 픽스 부탁드립니다.",1,"현재 갤럭시 최신모델들 s26시리즈 에서 간혈적 연결안됨이 지속되고 있습니다. 통신사 모델은 모르겠는데, 자급제 모델들에서는 확실하게 일어납니다. 버그 같은데 빠른 픽스 부탁드립니다.",102
kbbank,5,빠른 처리 편한 UIUX,0,빠른 처리 편한 UIUX,13
kakaopay,5,하루의즐거움 .,0,하루의즐거움 .,8
kakaopay,2,호가창 체결강도를 왜 삭제함 빨리 다시 복구 ㄱㄱㄱ,1,호가창 체결강도를 왜 삭제함 빨리 다시 복구 ㄱㄱㄱ,28
kakaopay,1,업데이트 이후로 먹통이 되네요... 아무것도 뜨지 않아요... 유일하게 결제하기만 들어가지고... 매일 이것 때문에 폰을 껐다 켜야 카카오 페이에 들어가 집니다... 열받고 짜증나서 삭제해야 하나 생각도 드네요...,3,업데이트 이후로 먹통이 되네요.. 아무것도 뜨지 않아요.. 유일하게 결제하기만 들어가지고.. 매일 이것 때문에 폰을 껐다 켜야 카카오 페이에 들어가 집니다.. 열받고 짜증나서 삭제해야 하나 생각도 드네요..,115
kbbank,5,좋아용,0,좋아용,3
toss,5,쉽게 사용할수있어 좋아요,0,쉽게 사용할수있어 좋아요,13
kakaopay,1,아니 접속이 쳐안되자나 ㅡㅡ,3,아니 접속이 쳐안되자나 ㅡㅡ,15
toss,1,최근 들어 렉이 너무심해요.,2,최근 들어 렉이 너무심해요.,15
toss,1,광고 좀 적당히 해라,2,광고 좀 적당히 해라,11
kakaopay,1,연결상태가 자주 안 좋습니다. 아래에도 같은 내용의 많은 글들이 있네요.. 자동 매수 매도도 한참 후에 알림이 와요... 등락 알림도 바로 오지 않고 많이 딜레이가 있습니다..,2,연결상태가 자주 안 좋습니다. 아래에도 같은 내용의 많은 글들이 있네요.. 자동 매수 매도도 한참 후에 알림이 와요.. 등락 알림도 바로 오지 않고 많이 딜레이가 있습니다..,97
toss,5,진짜 수수료도 안떼가고 토스쇼핑배달이랑 빨라서 좋은데 보상이나 그런게 너무짜거나 어렵고 버스카드도 되는카드 재발급할때 드는돈이 비싼거 카드 잃어버렸을때 위치 뜨는 기능 있으면 좋을거 같아요! 진짜 잘쓰고있습니다,0,진짜 수수료도 안떼가고 토스쇼핑배달이랑 빨라서 좋은데 보상이나 그런게 너무짜거나 어렵고 버스카드도 되는카드 재발급할때 드는돈이 비싼거 카드 잃어버렸을때 위치 뜨는 기능 있으면 좋을거 같아요! 진짜 잘쓰고있습니다,117
kakaopay,1,돈 관련 어플인데 그렇다기엔 오류가 너무심함 떠야되는데 안뜨고 .. 진짜말이 안되는 삼류어플임,2,돈 관련 어플인데 그렇다기엔 오류가 너무심함 떠야되는데 안뜨고 .. 진짜말이 안되는 삼류어플임,52
toss,1,고양이 사료 800개랑 장난감 500개 모아놨더니 갑자기 24시간 제한 걸어서 날려버리네. 진짜 서비스 퇴행하는 거 뭐냐. 뭔데 은행 계좌를 지멋대로 토스페이랑 연결해서 은행 돈을 빼감? 신용 박살나더니 막 나가네.,2,고양이 사료 800개랑 장난감 500개 모아놨더니 갑자기 24시간 제한 걸어서 날려버리네. 진짜 서비스 퇴행하는 거 뭐냐. 뭔데 은행 계좌를 지멋대로 토스페이랑 연결해서 은행 돈을 빼감? 신용 박살나더니 막 나가네.,120
kakaopay,1,증권 종목 정보창에 거래량하고 시가총액 표시되던게 갑자기 사라졌습니다. 매우 불편하네요. 다시 되돌려주세요. 토론글 보면 한두명이 아닌거 같습니다.,2,증권 종목 정보창에 거래량하고 시가총액 표시되던게 갑자기 사라졌습니다. 매우 불편하네요. 다시 되돌려주세요. 토론글 보면 한두명이 아닌거 같습니다.,82
toss,1,아니 갑자기 주식 거래중에 본인인증 하라는건 무슨 경우입니까 본인인증때문에 매도 시간 놓쳐서 300만원 벌거 놓쳤는데 이거 어떻게 책임지실겁니까 왜 갑자기 본인인증을 하라는건지 이해가 안 되는데 전화도 안 받고 지금 장난하시는겁니까 진짜 이건 아니지 않습니까 상식적으로 거래중에 본인인증 하라는 경우가 어딨습니까,3,아니 갑자기 주식 거래중에 본인인증 하라는건 무슨 경우입니까 본인인증때문에 매도 시간 놓쳐서 300만원 벌거 놓쳤는데 이거 어떻게 책임지실겁니까 왜 갑자기 본인인증을 하라는건지 이해가 안 되는데 전화도 안 받고 지금 장난하시는겁니까 진짜 이건 아니지 않습니까 상식적으로 거래중에 본인인증 하라는 경우가 어딨습니까,174
kakaopay,1,주식 로고좀 빨리 고쳐주세요;; 헷갈러죽겠어요 돈 다잃겠다 18,3,주식 로고좀 빨리 고쳐주세요 헷갈러죽겠어요 돈 다잃겠다 18,33
kbbank,1,은행에 직접방문 했을때 기다리는 시간이 많아 힘들었는데 앱에서 가입하니 시간 절약이 되어 좋습니다.~~,0,은행에 직접방문 했을때 기다리는 시간이 많아 힘들었는데 앱에서 가입하니 시간 절약이 되어 좋습니다.~~,57
toss,5,토스 증권 잘 이용중입니다. 다만 dc계좌를 신설하여 운영중인데 24시간째 최신화가 안되네요. 토스에서 삭제하고 다시 불러오려고해도 삭제가 안되고...계좌 최신반영이 너무 느린듯한데 수정이 필요해보입니다.,2,토스 증권 잘 이용중입니다. 다만 dc계좌를 신설하여 운영중인데 24시간째 최신화가 안되네요. 토스에서 삭제하고 다시 불러오려고해도 삭제가 안되고..계좌 최신반영이 너무 느린듯한데 수정이 필요해보입니다.,113
kakaopay,1,코레일 카카오페이 카드결제 왜 안되냐? 신용카드사용불가 왜 나오는건데?,1,코레일 카카오페이 카드결제 왜 안되냐? 신용카드사용불가 왜 나오는건데?,39
toss,4,보안이 강화되고 확인 절차도 바뀌었어요. 차근차근 쓰 보려고 합니다.감사합니다,0,보안이 강화되고 확인 절차도 바뀌었어요. 차근차근 쓰 보려고 합니다.감사합니다,43
toss,1,아니 얼굴 인증 할때 떨림은 그나마 보정해줘야지 멈춰있는데도 엉뚱한데 가는건 뭐야!!!,2,아니 얼굴 인증 할때 떨림은 그나마 보정해줘야지 멈춰있는데도 엉뚱한데 가는건 뭐야!!,47
kakaopay,1,광고 다 보고 광고창을 닫으니까 UI가 다 깨져서 화면을 알아볼 수가 없어요,2,광고 다 보고 광고창을 닫으니까 UI가 다 깨져서 화면을 알아볼 수가 없어요,42
kakaopay,1,k패스 충전해야되는데 앱이 안열리네요. 카톡으로 갔다가 페이로 가는 우회경로로 되네요,1,k패스 충전해야되는데 앱이 안열리네요. 카톡으로 갔다가 페이로 가는 우회경로로 되네요,47
toss,1,증권차트 선택 기간이랑 차트가 맞지 않음 ex) 일 기준 차트 선택 -> 실제 차트는 월 기준,1,증권차트 선택 기간이랑 차트가 맞지 않음 ex 일 기준 차트 선택 실제 차트는 월 기준,48
kakaopay,2,"안녕하세요. 카카오페이증권을 이용 중인 사용자입니다. 최근 발생한 서비스 오류들에 대해 강력히 항의하고자 글을 남깁니다. ​주식 거래는 초 단위로 자산 가치가 변동하는 매우 민감한 영역입니다. 그럼에도 불구하고 최근 매도 취소를 요청했으나 즉시 처리되지 않아 적기에 대응하지 못했으며, 특정일에는 아예 접속조차 불가능한 상황이 발생했습니다. ​이러한 잦은 시스템 불안정은 투자자에게 심각한 금전적 손실과 심리적 불안을 초래합니다. 단순한 사과를 넘어, 해당 오류들의 구체적인 발생 원인과 향후 재발 방지를 위한 확실한 대책을 답변해 주시기 바랍니다. 또한, 시스템 오류로 제때 거래하지 못해 발생한 피해에 대한 보상 기준이 마련되어 있는지도 명확히 밝혀주십시오.",1,"안녕하세요. 카카오페이증권을 이용 중인 사용자입니다. 최근 발생한 서비스 오류들에 대해 강력히 항의하고자 글을 남깁니다. 주식 거래는 초 단위로 자산 가치가 변동하는 매우 민감한 영역입니다. 그럼에도 불구하고 최근 매도 취소를 요청했으나 즉시 처리되지 않아 적기에 대응하지 못했으며, 특정일에는 아예 접속조차 불가능한 상황이 발생했습니다. 이러한 잦은 시스템 불안정은 투자자에게 심각한 금전적 손실과 심리적 불안을 초래합니다. 단순한 사과를 넘어, 해당 오류들의 구체적인 발생 원인과 향후 재발 방지를 위한 확실한 대책을 답변해 주시기 바랍니다. 또한, 시스템 오류로 제때 거래하지 못해 발생한 피해에 대한 보상 기준이 마련되어 있는지도 명확히 밝혀주십시오.",368
kakaopay,2,카카오증권에서 보유종목이 안보이는 오류도있고. 이전버전에서처럼 호가창에서 다른종목 열려면 바로 이동못하고 팝업을거쳐야해서 매수 타이밍이늦습니다.접수창에서도 다른종목이동하던기능이 삭제되어 어려워짐.,1,카카오증권에서 보유종목이 안보이는 오류도있고. 이전버전에서처럼 호가창에서 다른종목 열려면 바로 이동못하고 팝업을거쳐야해서 매수 타이밍이늦습니다.접수창에서도 다른종목이동하던기능이 삭제되어 어려워짐.,109
kbbank,5,최고입니다,0,최고입니다,5
kbbank,5,쓰기편해요,0,쓰기편해요,5
kbbank,1,스레기 어플 얼굴 인증도 제대로 못하면서 고객확인은 왜하는거 기술력도 없는 은행이,3,스레기 어플 얼굴 인증도 제대로 못하면서 고객확인은 왜하는거 기술력도 없는 은행이,45
kakaopay,3,이제 체결강도는 안나와요? 증권사 바꿔야겠네..,3,이제 체결강도는 안나와요? 증권사 바꿔야겠네..,26
kbbank,5,편해요,0,편해요,3
kbbank,5,빠르고 좋아요,0,빠르고 좋아요,7
toss,3,토스 증권 만들었는데 왜 자꾸 또만들라고 하나요?,2,토스 증권 만들었는데 왜 자꾸 또만들라고 하나요?,27
kakaopay,1,아니 얘네들은 어떻게 일을 하면 고객정보를 카카오톡 민심나락가고 이제는 페이까지 이러네 다음은 T냐?,2,아니 얘네들은 어떻게 일을 하면 고객정보를 카카오톡 민심나락가고 이제는 페이까지 이러네 다음은 T냐?,56
kakaopay,1,카카오증권 최신버전 넘. 불편하네요 예전버전으로 다시 받고싶은데 방법이 없나요? 완전 짜증납니다 원래대로 해놔요,2,카카오증권 최신버전 넘. 불편하네요 예전버전으로 다시 받고싶은데 방법이 없나요? 완전 짜증납니다 원래대로 해놔요,62
kbbank,5,직장인우대적금은 없어졌나요?,1,직장인우대적금은 없어졌나요?,15
toss,3,토스앱으로 토스계좌를 사용중인데 토스앱내에서 타은행계좌는 입출금목록을 누르면 지난3개월거래내역이 나오는데 토스계좌는 거래내역 간단조회가 안됨. 토스앱에서 토스계좌를 사용시 더불편하게 만듬.이해가 안됩니다..,2,토스앱으로 토스계좌를 사용중인데 토스앱내에서 타은행계좌는 입출금목록을 누르면 지난3개월거래내역이 나오는데 토스계좌는 거래내역 간단조회가 안됨. 토스앱에서 토스계좌를 사용시 더불편하게 만듬.이해가 안됩니다..,115
kakaopay,4,위젯 투명도 조절 가능하게 해주면 5점 줌,1,위젯 투명도 조절 가능하게 해주면 5점 줌,23
kakaopay,1,"개인정보 재확인으로 송금 기능을 막을거면 충전할 때 인지시켜야지, 충전만 가능하게 하고 송금을 막으면, 내 계좌로 돈 다시 돌려놓을 수도 없는데 잘못됨. 모바일 신분증 지원 안 하는 것도 좀 카카오페이라는 기업에 비해 짜침",2,"개인정보 재확인으로 송금 기능을 막을거면 충전할 때 인지시켜야지, 충전만 가능하게 하고 송금을 막으면, 내 계좌로 돈 다시 돌려놓을 수도 없는데 잘못됨. 모바일 신분증 지원 안 하는 것도 좀 카카오페이라는 기업에 비해 짜침",124
toss,1,너무 느려졌어요 느려도 너무 느림,2,너무 느려졌어요 느려도 너무 느림,18
toss,5,내가모르던것들을알려주셔서감사감사합니다,0,내가모르던것들을알려주셔서감사감사합니다,20
kakaopay,2,왜 앱이 켜지지가않을까요? ㅋㅋ,2,왜 앱이 켜지지가않을까요? ㅋㅋ,17
toss,1,어린이라서 부모님 동의를 받는건 이해되지만 계속 해서 지속하고 부모님 인증 하면 폰 인증 하면 또 비밀번호 인증 인증 토스는 인증을 좋아하는거같음. 그리고 그러 거의 다하면 또 인증서 갖고 오지 못했다며 처음으로 돌아가집니다. 이러면 제 20분은 날려먹게 되는거죠. 토스는 카카오뱅크보다 자유롭진 않은듯. 지금 몇번을 해도 저래서 토스 다신 안합니다.(욕 쓰고 싶지만 참고있어요),2,어린이라서 부모님 동의를 받는건 이해되지만 계속 해서 지속하고 부모님 인증 하면 폰 인증 하면 또 비밀번호 인증 인증 토스는 인증을 좋아하는거같음. 그리고 그러 거의 다하면 또 인증서 갖고 오지 못했다며 처음으로 돌아가집니다. 이러면 제 20분은 날려먹게 되는거죠. 토스는 카카오뱅크보다 자유롭진 않은듯. 지금 몇번을 해도 저래서 토스 다신 안합니다. 욕 쓰고 싶지만 참고있어요,211
kakaopay,1,교통카드 꼭 결정적일 때 안돼서 앱 열어줘야 함. 그러다가 전철 놓치고 버스 하차태그 못하면 개쌍욕나옴,2,교통카드 꼭 결정적일 때 안돼서 앱 열어줘야 함. 그러다가 전철 놓치고 버스 하차태그 못하면 개쌍욕나옴,57
kbbank,5,알기 쉽게 설명 해주시고 친절했어요.,0,알기 쉽게 설명 해주시고 친절했어요.,20
kbbank,1,맥도날드 키오스크 같아졌네요,1,맥도날드 키오스크 같아졌네요,15
kakaopay,3,요즘 왜 은행권과 연동이 잘 안되네요 ㅠㅠ 굳이 또 은행앱 들어가서 확인하네요 ㅠㅠ,1,요즘 왜 은행권과 연동이 잘 안되네요 ㅠㅠ 굳이 또 은행앱 들어가서 확인하네요 ㅠㅠ,46
toss,4,내 주식에서 판매수익과 배당 내역을 볼 수 있으면 좋겠습니다. 그리고 미국 주식 외의 다양한 나라의 주식 시장을 서비스하는 것도 좋을 것 같아요,2,내 주식에서 판매수익과 배당 내역을 볼 수 있으면 좋겠습니다. 그리고 미국 주식 외의 다양한 나라의 주식 시장을 서비스하는 것도 좋을 것 같아요,80
kbbank,5,펀리하고 쉬워요,0,펀리하고 쉬워요,8
kbbank,5,신속처리,0,신속처리,4
toss,1,범죄자 및 사기꾼 새끼들 애용 은행. 사기꾼 놈들 상대로 장사하는 기업,3,범죄자 및 사기꾼 새끼들 애용 은행. 사기꾼 놈들 상대로 장사하는 기업,39
kbbank,5,언제든지 예적금에 가입할수 있어서 무척 편리하고 좋았습니다. 앞으로도 많이 이용할 계획입니다.,0,언제든지 예적금에 가입할수 있어서 무척 편리하고 좋았습니다. 앞으로도 많이 이용할 계획입니다.,52
toss,4,"간편하게 잘 사용하고있습니다! 다만 한가지 기능 건의 드리고싶어요. 증권에서 투자비중 볼때, 증권계좌에 있는 현금 비중도 추가됐으면 좋겠습니다!!",1,"간편하게 잘 사용하고있습니다! 다만 한가지 기능 건의 드리고싶어요. 증권에서 투자비중 볼때, 증권계좌에 있는 현금 비중도 추가됐으면 좋겠습니다!!",81
kbbank,4,오프라인도 서비스가 원활한 유지가 되었으면 합니다,1,오프라인도 서비스가 원활한 유지가 되었으면 합니다,27
toss,4,토스페이 결제 후에 사용했으면 할인 받을수 있었다는 쿠폰 알림 오는거.. 취소하고 재결제하기 좀 그런데.. 차라리 결제할때 알려주는 걸로 바꿔주심 안되나요? ㅜㅜ 다 좋은데 그게 좀 아쉬워요..,2,토스페이 결제 후에 사용했으면 할인 받을수 있었다는 쿠폰 알림 오는거.. 취소하고 재결제하기 좀 그런데.. 차라리 결제할때 알려주는 걸로 바꿔주심 안되나요? ㅜㅜ 다 좋은데 그게 좀 아쉬워요..,108
kakaopay,1,지금 왜이렇게 튕겨요!! 캐시를 지우라고 하고 뭐하고 왜이래요,2,지금 왜이렇게 튕겨요!! 캐시를 지우라고 하고 뭐하고 왜이래요,34
